Nombre,Contrato 2024,Equipo 2024,Contrato 2023,Equipo 2023,Contrato 2022,Equipo 2022,Contrato 2021,Equipo 2021,Contrato 2020,Equipo 2020,RANK 2024,AGE 2024,GP 2024,W 2024,L 2024,MIN 2024,PTS 2024,FGM 2024,FGA 2024,FG% 2024,3PM 2024,3PA 2024,3P% 2024,FTM 2024,FTA 2024,FT% 2024,OREB 2024,DREB 2024,REB 2024,AST 2024,TOV 2024,STL 2024,BLK 2024,PF 2024,FP 2024,DD2 2024,TD3 2024,+/- 2024,RANK 2023,AGE 2023,GP 2023,W 2023,L 2023,MIN 2023,PTS 2023,FGM 2023,FGA 2023,FG% 2023,3PM 2023,3PA 2023,3P% 2023,FTM 2023,FTA 2023,FT% 2023,OREB 2023,DREB 2023,REB 2023,AST 2023,TOV 2023,STL 2023,BLK 2023,PF 2023,FP 2023,DD2 2023,TD3 2023,+/- 2023,RANK 2022,AGE 2022,GP 2022,W 2022,L 2022,MIN 2022,PTS 2022,FGM 2022,FGA 2022,FG% 2022,3PM 2022,3PA 2022,3P% 2022,FTM 2022,FTA 2022,FT% 2022,OREB 2022,DREB 2022,REB 2022,AST 2022,TOV 2022,STL 2022,BLK 2022,PF 2022,FP 2022,DD2 2022,TD3 2022,+/- 2022,RANK 2021,AGE 2021,GP 2021,W 2021,L 2021,MIN 2021,PTS 2021,FGM 2021,FGA 2021,FG% 2021,3PM 2021,3PA 2021,3P% 2021,FTM 2021,FTA 2021,FT% 2021,OREB 2021,DREB 2021,REB 2021,AST 2021,TOV 2021,STL 2021,BLK 2021,PF 2021,FP 2021,DD2 2021,TD3 2021,+/- 2021,RANK 2020,AGE 2020,GP 2020,W 2020,L 2020,MIN 2020,PTS 2020,FGM 2020,FGA 2020,FG% 2020,3PM 2020,3PA 2020,3P% 2020,FTM 2020,FTA 2020,FT% 2020,OREB 2020,DREB 2020,REB 2020,AST 2020,TOV 2020,STL 2020,BLK 2020,PF 2020,FP 2020,DD2 2020,TD3 2020,+/- 2020
DEWANNA BONNER,200000.0,CON,899480.0,CON,899480.0,CON,899480.0,CON,899480.0,CON,22,37,40,28,12,31.8,15.0,5.3,12.8,41.5,1.5,4.9,29.4,3.0,3.6,83.2,0.6,5.4,6.0,2.0,1.4,1.2,0.7,1.8,28.1,3,0,6.1,14,36,40,27,13,30.1,17.4,5.8,13.7,42.5,1.9,5.7,32.9,3.9,4.5,86.2,0.9,4.7,5.6,2.2,1.5,1.1,0.6,1.6,30.4,3,0,4.7,26,35,33,23,10,30.0,13.5,4.7,10.8,43.9,1.4,4.2,32.9,2.6,3.2,82.7,0.8,4.0,4.7,2.8,1.6,1.2,0.3,1.8,25.5,2,0,6.1,16,34,32,26,6,31.9,15.2,5.0,12.6,39.5,1.4,4.3,31.7,3.9,4.3,89.2,0.7,5.8,6.4,3.4,2.2,1.3,0.7,1.6,30.3,4,0,8.7,3,33,22,10,12,33.3,19.7,6.7,16.0,42.2,1.2,4.9,25.2,5.0,5.6,89.5,1.5,6.3,7.8,3.0,2.4,1.7,0.5,2.1,36.2,5,0,2.8
ELENA DELLE DONNE,,,899480.0,WAS,899480.0,WAS,899480.0,WAS,899480.0,WAS,,,,,,,,,,,,,,,,,,,,,,,,,,,,,17,34,23,13,10,27.5,16.7,6.2,12.7,48.5,1.0,2.7,39.3,3.3,3.5,93.8,0.9,4.6,5.4,2.1,1.3,0.8,0.9,1.9,28.7,2,0,5.3,9,33,25,18,7,27.8,17.2,6.2,12.9,48.0,1.4,3.8,36.8,3.4,3.7,91.3,1.2,5.1,6.3,2.3,1.1,0.5,1.1,1.4,30.3,3,0,6.3,26,32,3,1,2,17.4,13.7,4.3,9.0,48.1,1.0,1.7,60.0,4.0,4.0,100,1.0,3.3,4.3,0.7,0.7,0.0,0.3,0.7,20.3,0,0,9.7,,,,,,,,,,,,,,,,,,,,,,,,,,,,
SKYLAR DIGGINS-SMITH,422685.0,SEA,899480.0,PHX,899480.0,PHX,899480.0,PHX,899480.0,PHX,20,34,40,25,15,31.6,15.1,5.5,12.8,42.7,1.0,3.4,29.1,3.3,3.8,86.7,0.7,1.9,2.6,6.4,2.8,1.7,0.9,2.8,30.4,2,0,5.4,,,,,,,,,,,,,,,,,,,,,,,,,,,,,3,32,30,13,17,34.0,19.7,6.9,16.2,42.9,1.3,4.5,29.6,4.5,5.3,84.4,0.9,3.1,4.0,5.5,2.7,1.5,1.0,2.7,35.7,3,0,-1.0,9,31,32,19,13,32.5,17.7,5.5,12.3,45.2,1.6,4.2,37.0,5.1,6.2,81.8,0.5,2.6,3.2,5.3,2.6,1.1,0.8,2.2,31.3,3,0,5.0,8,30,22,13,9,30.7,17.7,5.8,12.2,47.4,2.1,5.3,39.7,4.1,4.5,90.0,0.5,2.8,3.3,4.2,3.2,0.9,0.5,2.3,30.2,0,0,-1.9
NATASHA HOWARD,898700.0,DAL,898700.0,DAL,898700.0,NY,898700.0,NY,345000.0,SEA,13,33,27,7,20,30.5,17.6,6.9,15.2,45.6,0.4,2.0,20.0,3.3,4.6,71.8,2.0,4.8,6.7,2.9,2.8,1.3,0.8,3.1,31.7,4,0,-5.6,18,32,39,21,18,33.0,16.5,6.3,13.8,45.8,1.0,3.3,29.9,2.8,3.5,81.5,2.2,5.9,8.0,2.6,2.8,1.3,1.2,3.6,32.9,12,1,2.9,16,31,35,16,19,29.9,15.1,5.9,12.2,48.2,0.9,2.6,32.6,2.5,3.5,71.5,2.0,5.3,7.3,2.3,3.2,1.3,1.0,3.1,30.2,10,0,-0.7,14,30,13,4,9,27.5,16.2,6.7,13.5,49.4,0.9,2.8,33.3,1.8,2.4,77.4,2.2,5.1,7.2,1.7,3.8,1.3,0.5,2.9,29.7,4,0,-5.3,53,29,22,18,4,21.0,9.5,4.0,7.5,53.0,0.3,0.9,35.0,1.3,1.6,77.8,2.4,4.7,7.1,1.0,2.1,1.7,0.6,3.0,22.6,3,0,7.4
ALYSSA THOMAS,836000.0,CON,836000.0,CON,836000.0,CON,836000.0,CON,345000.0,CON,41,32,40,28,12,32.4,10.6,4.2,8.2,50.9,0.0,0.1,0.0,2.3,3.6,62.8,2.5,6.0,8.4,7.9,3.6,1.6,0.5,2.1,30.9,14,3,4.8,22,32,40,27,13,36.1,15.5,6.1,12.8,47.4,0.0,0.1,0.0,3.3,4.7,71.5,2.0,7.9,9.9,7.9,3.4,1.8,0.5,2.7,37.8,28,6,5.6,27,31,36,25,11,32.1,13.4,5.2,10.4,50.0,0.0,0.1,0.0,3.0,4.1,73.0,2.1,6.1,8.2,6.1,2.9,1.7,0.2,2.8,31.5,12,2,7.3,93,30,2,2,0,17.4,5.5,2.0,7.5,26.7,0.0,0.0,0.0,1.5,2.0,75.0,0.5,4.5,5.0,2.0,1.5,0.5,0.0,2.0,13.5,0,0,9.0,16,29,21,10,11,32.8,15.5,5.8,11.6,50.0,0.0,0.0,0.0,3.9,5.6,68.6,1.9,7.2,9.0,4.8,2.5,2.0,0.3,2.8,33.9,7,0,2.7
ARIKE OGUNBOWALE,725952.0,DAL,725952.0,DAL,220235.0,DAL,220235.0,DAL,220235.0,DAL,2,27,38,9,29,38.6,22.2,7.3,19.2,38.3,2.9,8.5,34.6,4.6,5.0,92.1,0.8,3.8,4.6,5.1,2.7,2.1,0.3,2.8,39.7,2,0,-6.6,5,27,40,22,18,37.2,21.2,7.5,18.8,39.8,2.9,8.5,34.3,3.4,3.8,87.6,0.5,2.9,3.4,4.5,2.6,1.7,0.1,2.7,35.7,2,0,3.6,4,26,30,14,16,31.4,19.7,6.8,17.0,40.0,2.8,7.9,35.2,3.3,4.1,79.8,0.6,2.7,3.3,3.6,1.8,1.5,0.1,2.2,32.5,0,0,0.1,5,25,32,14,18,31.4,18.7,6.2,16.3,38.3,2.5,6.7,37.6,3.8,4.4,86.4,0.7,2.5,3.2,3.3,2.1,1.2,0.0,2.3,30.0,0,0,-1.5,1,24,22,8,14,34.0,22.8,7.9,19.1,41.2,2.2,6.5,33.6,4.9,5.7,85.6,0.5,2.3,2.8,3.4,2.0,1.5,0.0,2.4,34.2,0,0,-1.2
MARINA MABREY,620000.0,CON,620000.0,CHI,189522.0,DAL,189522.0,DAL,189522.0,DAL,26,28,40,20,20,30.9,14.4,5.4,13.0,41.3,2.5,6.5,37.7,1.2,1.7,71.0,0.6,3.8,4.4,4.1,2.4,1.1,0.4,2.6,28.4,1,0,2.7,26,27,39,17,22,30.0,15.0,5.2,12.6,41.1,2.3,5.8,39.0,2.4,2.8,83.6,0.9,2.9,3.7,3.6,2.2,0.7,0.5,2.4,27.0,0,0,-0.5,24,26,34,18,16,28.0,13.6,5.2,12.5,42.0,1.8,5.1,35.1,1.4,2.0,68.1,0.6,3.1,3.6,3.7,2.4,0.8,0.4,2.5,25.2,1,0,-0.1,30,25,32,14,18,24.2,13.3,4.9,12.2,40.5,2.0,5.8,34.2,1.4,1.6,88.2,0.7,3.2,3.9,2.9,2.1,1.0,0.3,2.5,24.6,0,0,0.2,45,24,18,6,12,22.4,10.6,3.8,8.8,43.0,2.1,5.1,41.8,0.9,1.3,66.7,0.6,2.7,3.3,2.4,1.7,1.4,0.1,2.1,21.3,0,0,-1.2
CHEYENNE PARKER-TYUS,618000.0,IND,618000.0,IND,618000.0,IND,232178.0,IND,232178.0,IND,54,32,25,9,16,19.7,9.2,3.3,7.5,44.4,0.1,0.6,21.4,2.5,2.8,89.9,1.2,3.6,4.8,1.5,2.1,0.8,0.4,2.4,18.1,0,0,-4.2,25,31,40,19,21,26.6,15.0,5.8,12.0,48.2,0.4,1.4,27.8,3.0,3.7,82.9,2.2,4.5,6.7,1.8,2.3,1.1,1.5,2.9,28.9,7,0,-0.9,36,30,36,14,22,26.2,11.8,4.9,9.8,50.0,0.3,1.5,21.8,1.7,2.2,79.5,1.6,4.5,6.2,2.0,2.0,1.0,0.9,2.7,24.1,5,0,-2.9,47,29,13,2,11,20.8,10.2,3.8,8.5,45.0,0.8,2.3,33.3,1.7,2.2,78.6,1.0,3.5,4.5,1.2,1.2,1.2,0.9,2.2,20.8,0,0,-3.9,29,28,20,10,10,24.9,13.4,4.9,8.8,55.4,0.8,1.6,46.9,3.0,3.5,85.5,2.4,4.1,6.4,1.5,2.8,1.3,0.9,3.2,26.5,3,0,2.2
AERIAL POWERS,155000.0,ATL,588801.0,MIN,588801.0,MIN,588801.0,MIN,,,57,30,17,7,10,17.9,8.6,2.9,8.1,35.5,0.8,2.1,38.9,2.0,2.5,79.1,0.9,2.4,3.3,1.4,1.1,0.9,0.2,2.1,16.5,0,0,-4.2,87,30,20,7,13,9.7,5.2,1.9,4.6,41.3,0.3,1.0,31.6,1.1,1.2,91.7,0.3,1.5,1.8,0.8,0.9,0.2,0.1,0.3,8.6,0,0,-2.1,20,29,35,13,22,27.0,14.4,4.9,12.6,38.5,0.9,3.1,30.8,3.8,4.6,81.5,1.3,3.4,4.7,2.9,2.6,1.2,0.3,1.8,25.9,3,0,-3.7,28,28,14,10,4,22.1,13.4,4.4,10.2,42.7,0.8,2.5,31.4,3.9,4.3,91.7,0.9,2.7,3.6,2.1,2.9,0.4,0.4,2.1,21.4,0,0,3.4,13,27,6,3,3,29.8,16.3,5.3,11.5,46.4,1.5,4.3,34.6,4.2,5.0,83.3,0.3,4.5,4.8,2.5,1.8,1.5,0.0,2.7,28.2,0,0,7.2
BETNIJAH LANEY,365400.0,NY,588801.0,NY,588801.0,NY,588801.0,NY,182700.0,ATL,,,,,,,,,,,,,,,,,,,,,,,,,,,,,,,,,,,,,,,,,,,,,,,,,,,,,,,,,,,,,,,,,,,,,,,,,,,,,,,,,,,,,,,,,,,,,,,,,,,,,,,,,,,,,,,,,,,,,,,,,,,,,,,,,,,,,,,,,,,,
KAYLA MCBRIDE,413000.0,MIN,588801.0,MIN,588801.0,MIN,588801.0,MIN,232000.0,LV,21,32,39,30,9,31.7,15.0,4.5,10.6,42.0,2.7,6.6,40.7,3.4,3.8,89.3,0.4,2.2,2.6,3.2,2.0,1.3,0.1,1.2,26.1,0,0,7.7,28,32,38,19,19,31.8,14.3,4.9,11.6,42.4,2.2,6.4,34.2,2.2,2.6,86.7,0.4,2.8,3.2,2.2,1.7,1.2,0.2,1.7,24.7,0,0,-3.7,29,31,31,14,17,29.8,13.3,4.4,10.9,40.5,1.5,4.3,35.6,2.9,3.2,90.9,0.5,2.3,2.8,2.1,1.5,1.0,0.1,1.4,21.8,0,0,0.1,25,30,32,22,10,31.6,13.7,4.5,10.3,43.3,1.9,5.0,37.9,2.8,3.1,91.0,0.3,3.3,3.6,2.3,1.1,0.8,0.2,1.8,23.4,0,0,3.8,37,29,22,18,4,26.6,12.5,4.1,9.6,42.5,1.1,3.3,34.2,3.2,3.5,89.7,0.4,1.9,2.3,2.4,1.4,1.2,0.1,1.4,20.9,0,0,4.6
TEAIRA MCCOWAN,587100.0,DAL,587100.0,DAL,168754.0,DAL,168754.0,IND,168754.0,IND,37,28,39,9,30,25.2,11.7,4.7,8.3,57.0,0.0,0.1,25.0,2.3,3.2,71.8,2.9,5.2,8.1,1.6,2.0,0.9,0.9,3.0,24.9,13,0,-4.1,36,27,30,18,12,26.1,11.9,5.0,9.1,55.1,0.0,0.1,0.0,1.9,3.3,58.6,3.5,5.6,9.1,1.5,1.5,0.5,1.2,3.3,25.9,13,0,5.7,43,26,33,17,16,18.9,11.0,4.2,7.0,60.2,0.0,0.0,0.0,2.5,4.2,60.0,3.0,4.1,7.0,0.8,1.7,0.3,0.7,3.1,20.8,10,0,2.2,41,25,32,6,26,26.5,11.3,4.3,8.0,53.7,0.0,0.0,0.0,2.7,4.1,64.4,3.4,6.2,9.6,1.1,1.7,0.6,1.6,3.3,26.3,12,0,-3.1,43,24,22,6,16,20.9,10.9,4.1,7.6,53.6,0.0,0.1,0.0,2.7,3.6,75.0,3.1,4.2,7.3,0.6,2.0,0.3,1.0,2.6,21.5,5,0,-3.2
BRITTNEY SYKES,575000.0,WAS,575000.0,WAS,223300.0,LA,223300.0,LA,209712.0,LA,34,30,18,9,9,23.3,12.2,4.5,11.1,40.5,0.9,3.3,27.1,2.3,3.1,75.0,0.6,3.4,4.1,3.1,2.2,0.9,0.4,1.4,22.8,1,0,0.5,21,30,40,19,21,31.3,15.9,5.7,13.1,43.9,1.4,4.0,35.0,3.1,3.8,79.7,1.0,4.0,5.0,3.8,2.4,2.1,0.3,2.9,30.9,2,0,1.5,33,29,32,10,22,28.8,12.7,4.8,11.0,43.3,0.4,1.6,26.9,2.7,3.5,77.0,0.7,2.9,3.7,3.7,2.6,2.0,0.7,2.6,25.9,0,0,-5.2,52,28,32,12,20,29.4,9.4,3.6,8.9,40.5,0.3,1.3,26.2,1.9,2.5,77.2,1.2,3.4,4.6,2.2,1.4,1.8,0.5,2.5,21.1,2,0,-0.9,49,27,21,14,7,24.4,10.1,3.5,7.1,48.7,0.8,2.3,32.7,2.4,3.0,80.6,0.8,1.8,2.6,2.1,1.7,1.5,0.3,3.0,19.1,0,0,4.1
CHEYENNE PARKER,571650.0,ATL,571650.0,ATL,571650.0,ATL,571650.0,ATL,220000.0,CHI,,,,,,,,,,,,,,,,,,,,,,,,,,,,,,,,,,,,,,,,,,,,,,,,,,,,,,,,,,,,,,,,,,,,,,,,,,,,,,,,,,,,,,,,,,,,,,,,,,,,,,,,,,,,,,,,,,,,,,,,,,,,,,,,,,,,,,,,,,,,
JASMINE THOMAS,,,565000.0,LA,565000.0,CON,565000.0,CON,237000.0,CON,,,,,,,,,,,,,,,,,,,,,,,,,,,,,117,34,32,12,20,12.8,2.7,0.9,3.4,27.3,0.5,1.9,24.2,0.3,0.3,90.9,0.3,0.8,1.1,1.3,0.7,0.3,0.2,0.9,6.4,0,0,-1.6,83,33,5,4,1,21.8,6.6,1.6,6.0,26.7,1.0,2.6,38.5,2.4,2.6,92.3,0.4,1.8,2.2,3.0,1.4,0.6,0.2,1.4,14.4,0,0,6.8,44,32,30,24,6,29.6,10.6,3.8,9.8,38.6,1.4,3.5,40.0,1.6,1.9,87.5,0.4,2.0,2.4,4.0,2.2,1.3,0.2,1.8,21.4,0,0,9.5,47,31,19,9,10,25.5,10.2,4.0,9.9,40.4,1.1,3.3,33.3,1.1,1.2,91.3,0.2,1.5,1.7,4.0,2.4,1.3,0.3,1.6,20.1,0,0,3.7
NATASHA CLOUD,400000.0,PHX,565000.0,WAS,565000.0,WAS,565000.0,WAS,232000.0,WAS,39,32,38,18,20,33.3,11.5,4.0,10.1,39.7,1.2,3.8,30.8,2.4,2.9,82.6,0.5,3.6,4.1,6.9,3.0,1.4,0.6,2.7,27.7,8,0,-2.3,32,32,37,17,20,32.4,12.7,4.0,10.7,37.7,1.2,4.1,29.8,3.4,3.8,90.0,0.2,3.5,3.7,6.2,2.6,1.1,0.3,2.6,26.5,2,0,-0.2,45,31,34,21,13,31.3,10.7,3.6,9.1,39.9,1.3,4.0,31.9,2.2,2.7,82.4,0.5,3.1,3.6,7.0,2.8,1.0,0.3,1.6,25.2,4,0,4.1,59,30,27,11,16,31.6,8.7,3.0,7.7,38.9,1.0,3.5,27.4,1.7,2.0,83.6,0.4,3.2,3.6,6.4,2.2,1.4,0.1,2.3,22.7,2,0,-2.3,,,,,,,,,,,,,,,,,,,,,,,,,,,,
NAPHEESA COLLIER,552516.0,MIN,552516.0,MIN,552516.0,MIN,220235.0,MIN,220235.0,MIN,5,28,34,27,7,34.7,20.4,7.9,16.0,49.2,0.9,2.9,31.0,3.7,4.6,80.4,2.2,7.5,9.7,3.4,2.1,1.9,1.4,2.6,41.1,18,0,9.2,4,27,37,17,20,33.5,21.5,8.0,16.6,48.5,0.9,3.1,29.8,4.5,5.4,84.0,1.9,6.6,8.5,2.5,2.4,1.6,1.2,2.4,39.1,11,0,-2.8,71,26,4,2,2,22.7,7.3,2.8,6.5,42.3,0.5,1.8,28.6,1.3,1.8,71.4,0.5,2.5,3.0,1.0,0.3,0.5,0.3,2.3,13.3,0,0,-3.8,13,25,29,22,7,34.6,16.2,6.0,13.7,44.1,0.7,2.9,25.3,3.4,3.9,86.0,1.7,4.9,6.6,3.2,2.3,1.3,1.3,2.8,31.9,5,0,5.3,15,24,22,14,8,34.2,16.1,6.2,11.8,52.3,0.9,2.2,40.8,2.9,3.5,82.9,2.8,6.3,9.0,3.3,2.7,1.8,1.3,2.7,35.6,7,0,4.9
MYISHA HINES-ALLEN,525300.0,MIN,525300.0,WAS,525300.0,WAS,184614.0,WAS,184614.0,WAS,61,29,40,17,23,18.7,7.8,3.0,6.1,49.2,0.5,1.3,36.0,1.4,1.7,83.3,1.1,3.6,4.7,2.6,1.4,0.7,0.1,2.0,17.0,2,0,-3.0,83,29,35,16,19,17.6,5.6,2.1,6.1,34.0,0.5,1.9,27.3,0.9,1.3,71.7,1.1,3.3,4.4,2.2,1.5,0.7,0.2,2.2,14.4,0,0,-1.4,56,28,34,20,14,19.3,8.9,3.4,8.1,41.5,0.9,2.3,36.7,1.3,1.9,70.3,1.1,4.2,5.3,1.9,1.7,0.8,0.3,1.6,19.1,1,0,0.3,32,27,18,6,12,25.7,12.9,4.9,11.9,41.4,0.7,2.3,31.7,2.3,3.1,73.2,1.8,5.2,7.0,2.5,1.8,1.3,0.6,2.5,27.0,3,0,-2.9,12,26,22,9,13,29.9,17.0,6.8,13.4,51.0,1.2,2.8,42.6,2.2,2.6,82.8,1.6,7.3,8.9,2.6,2.2,1.5,0.2,2.9,33.0,10,0,2.2
JACKIE YOUNG,504900.0,LV,504900.0,LV,504900.0,LV,236283.0,LV,236283.0,LV,18,27,37,25,12,32.6,15.8,5.4,12.6,43.0,1.9,5.6,33.7,3.0,3.5,86.7,0.7,3.6,4.4,5.3,2.1,1.0,0.2,2.5,29.8,5,0,4.1,11,26,40,34,6,31.5,17.6,6.2,11.9,52.3,2.2,5.0,44.9,2.9,3.4,86.7,0.7,3.4,4.0,3.8,1.8,1.3,0.1,2.0,30.5,1,0,12.8,14,25,34,24,10,33.2,15.9,5.6,11.8,47.6,1.5,3.4,43.1,3.2,3.8,85.9,1.3,3.1,4.4,3.9,1.3,1.4,0.2,2.4,28.9,0,0,6.6,33,24,32,24,8,31.8,12.2,4.8,9.6,50.5,0.2,0.6,25.0,2.3,2.8,83.3,0.7,3.4,4.1,3.2,1.5,1.1,0.3,1.8,22.6,2,0,9.7,42,23,22,18,4,25.8,11.0,4.2,8.6,49.2,0.1,0.6,23.1,2.4,2.8,85.2,0.8,3.5,4.3,3.0,1.6,0.7,0.1,1.8,20.0,0,0,5.6
ALLISHA GRAY,494400.0,ATL,494400.0,ATL,494400.0,DAL,494400.0,DAL,,,19,29,40,15,25,33.2,15.6,5.1,12.7,40.3,1.7,5.1,34.2,3.6,4.7,76.9,1.1,3.3,4.4,2.7,1.7,1.1,0.7,2.4,27.9,1,0,-0.5,15,29,38,19,19,32.7,17.1,5.8,12.4,46.5,1.1,3.1,35.6,4.4,5.4,82.4,1.2,3.7,4.9,3.1,1.9,1.1,0.4,2.6,29.1,2,0,-1.1,28,28,33,18,15,32.9,13.3,4.4,10.5,42.3,1.9,4.8,40.8,2.5,3.2,79.8,0.9,3.9,4.8,2.5,1.3,1.1,0.7,2.4,26.3,1,0,2.4,36,27,25,12,13,27.8,11.9,4.2,9.7,43.8,1.2,3.3,36.6,2.2,2.6,86.2,1.3,3.9,5.2,1.7,1.4,1.0,0.8,2.1,23.7,3,0,0.5,31,26,20,7,13,26.2,13.1,4.6,9.8,46.4,1.3,3.6,35.2,2.7,3.3,83.1,1.4,2.9,4.2,1.3,1.1,1.1,0.3,1.9,22.6,0,0,0.7
MERCEDES RUSSELL,480000.0,SEA,480000.0,SEA,480000.0,SEA,141618.0,SEA,141618.0,SEA,103,29,37,25,12,15.8,3.9,1.7,3.2,51.7,0.0,0.0,0.0,0.6,0.9,63.6,0.7,2.3,3.0,0.8,0.7,0.6,0.2,1.2,9.4,0,0,0.9,89,28,37,11,26,19.1,5.0,2.2,4.2,51.6,0.0,0.0,0.0,0.6,1.0,60.5,1.1,3.0,4.0,1.3,1.5,0.4,0.5,1.5,12.1,1,0,-4.0,144,27,5,3,2,10.7,2.0,0.8,1.6,50.0,0.0,0.0,0.0,0.4,0.6,66.7,0.4,1.4,1.8,0.2,1.4,0.0,0.0,1.4,4.0,0,0,-8.8,70,26,30,20,10,24.7,7.3,3.1,5.0,61.7,0.0,0.0,0.0,1.2,1.6,76.6,1.7,4.5,6.1,1.6,1.2,0.9,0.4,2.6,17.7,2,0,4.6,111,25,22,18,4,13.8,3.5,1.5,3.5,41.0,0.0,0.0,0.0,0.6,1.1,56.0,0.7,2.5,3.2,0.6,0.7,0.4,0.4,1.0,8.8,0,0,3.7
NATALIE ACHONWA,,,479600.0,MIN,479600.0,MIN,479600.0,MIN,212000.0,IND,,,,,,,,,,,,,,,,,,,,,,,,,,,,,,,,,,,,,,,,,,,,,,,,,,,,,,,,,98,30,22,11,11,15.1,5.3,2.1,4.1,51.6,0.0,0.1,0.0,1.0,1.2,81.5,1.1,3.0,4.1,1.7,1.0,0.4,0.3,1.6,12.5,0,0,-0.3,112,29,21,14,7,12.0,3.7,1.2,2.9,42.6,0.0,0.0,0.0,1.2,1.3,89.3,0.6,1.6,2.1,1.2,0.6,0.6,0.2,1.6,8.6,0,0,1.0,61,28,18,4,14,20.2,7.8,3.2,6.4,49.6,0.0,0.6,0.0,1.4,1.8,81.3,1.4,4.1,5.5,1.7,1.8,0.5,0.6,2.6,17.2,0,0,-6.2
DIANA TAURASI,469872.0,PHX,469872.0,PHX,449544.0,PHX,449544.0,PHX,466000.0,PHX,23,42,36,17,19,29.0,14.9,4.8,11.9,40.0,2.4,7.2,33.3,3.0,3.5,85.7,0.4,3.4,3.8,3.4,1.9,0.6,0.3,2.6,26.3,0,0,-0.8,19,42,26,8,18,27.3,16.0,4.9,12.2,40.3,2.5,7.2,34.2,3.7,4.3,84.8,0.1,3.5,3.6,4.6,3.0,0.5,0.5,2.6,28.5,1,0,-2.5,10,41,31,13,18,31.0,16.7,4.8,13.0,37.3,3.0,8.8,33.7,4.1,4.6,89.4,0.3,3.2,3.4,3.9,2.7,0.7,0.6,2.9,29.6,0,0,-4.0,17,40,16,12,4,28.4,15.2,4.4,12.0,36.5,2.6,7.6,33.9,3.9,4.5,86.1,0.2,4.3,4.4,4.9,2.9,0.2,0.6,2.4,28.6,1,0,4.0,5,39,19,11,8,28.1,18.7,5.1,12.4,40.9,3.2,8.8,36.5,5.4,5.9,91.2,0.1,4.1,4.2,4.5,2.3,1.0,0.4,2.7,33.5,2,0,0.7
DANIELLE ROBINSON,,,465000.0,ATL,465000.0,IND,465000.0,IND,130000.0,LV,,,,,,,,,,,,,,,,,,,,,,,,,,,,,80,35,32,15,17,21.6,5.8,2.2,4.8,46.1,0.3,1.0,29.0,1.1,1.5,75.0,0.3,1.9,2.2,3.3,1.3,0.7,0.1,2.0,13.2,0,0,1.7,70,34,31,4,27,23.6,7.4,2.7,6.5,41.9,0.3,1.3,22.5,1.6,1.9,85.0,0.4,2.5,2.9,3.8,1.6,0.7,0.2,1.4,16.2,1,0,-3.9,50,33,24,5,19,27.4,9.9,3.7,8.8,41.7,0.2,1.0,20.0,2.3,2.6,88.9,0.3,3.2,3.5,3.7,1.8,1.5,0.1,2.1,20.6,0,0,-5.1,63,32,22,18,4,22.4,7.4,2.8,5.5,51.2,0.2,0.6,38.5,1.5,1.9,81.0,0.2,2.2,2.4,3.3,1.3,0.9,0.1,1.7,15.2,0,0,5.8
JEWELL LOYD,491016.0,SEA,463030.0,SEA,463030.0,SEA,358500.0,SEA,358500.0,SEA,6,31,37,23,14,33.7,19.7,6.1,16.8,36.0,1.6,5.8,27.4,6.0,6.8,88.1,0.7,3.8,4.5,3.6,2.3,1.4,0.2,1.8,32.7,2,0,5.4,1,30,38,11,27,35.4,24.7,7.5,20.3,37.0,3.0,8.5,35.6,6.7,7.5,88.8,1.1,3.6,4.7,3.4,2.8,1.0,0.4,1.7,38.7,1,0,-3.8,11,29,36,22,14,30.3,16.3,5.6,14.1,39.6,2.3,6.1,38.5,2.8,3.1,89.3,0.6,2.1,2.6,3.4,2.2,1.1,0.2,1.8,27.2,0,0,5.3,7,28,31,20,11,31.0,17.9,6.2,14.8,42.0,2.1,5.6,37.6,3.4,3.8,88.9,0.8,3.3,4.0,3.8,2.3,1.5,0.2,2.1,31.1,0,0,5.1,17,27,22,18,4,27.8,15.5,5.1,11.5,44.3,1.8,4.5,39.0,3.5,4.0,87.5,0.6,1.7,2.4,3.2,1.9,1.5,0.3,1.5,26.2,0,0,8.3
ERICA WHEELER,444308.0,IND,444308.0,IND,365400.0,ATL,365400.0,LA,161600.0,IND,107,33,39,20,19,14.0,3.6,1.5,3.6,41.1,0.4,1.3,28.8,0.3,0.3,84.6,0.2,1.2,1.4,1.8,0.9,0.4,0.1,1.2,8.2,0,0,-1.2,46,33,40,13,27,26.8,9.9,3.7,9.2,39.8,0.8,2.4,30.9,1.8,2.1,87.8,0.4,2.6,3.0,5.0,2.1,1.1,0.1,2.4,21.0,3,0,-3.6,62,32,30,13,17,26.3,8.4,3.3,9.2,35.5,0.8,2.4,32.9,1.0,1.4,75.6,0.6,2.5,3.1,3.9,2.5,1.1,0.1,2.5,18.5,0,0,-2.0,27,31,32,12,20,30.2,13.6,5.0,12.0,41.7,1.0,2.9,35.5,2.5,3.1,82.7,0.5,2.6,3.1,4.8,2.7,1.3,0.3,2.7,25.6,2,0,-4.6,,,,,,,,,,,,,,,,,,,,,,,,,,,,
MORIAH JEFFERSON,424500.0,CHI,424500.0,PHX,67141.0,MIN,525200.0,DAL,525200.0,DAL,137,30,23,10,13,8.0,1.3,0.4,1.8,21.4,0.2,0.8,21.1,0.4,0.4,90.0,0.1,0.3,0.4,1.3,0.3,0.3,0.0,0.7,3.9,0,0,-3.3,43,30,39,8,31,24.9,10.5,4.2,9.8,43.3,1.0,2.8,35.2,1.1,1.3,82.0,0.2,1.7,2.0,3.6,1.6,1.1,0.2,2.2,19.6,0,0,-6.1,47,29,31,13,18,26.1,10.4,3.8,8.4,45.2,1.2,2.5,47.4,1.7,2.1,81.5,0.4,2.1,2.4,4.7,2.2,1.2,0.1,2.2,21.3,1,1,-2.0,95,28,29,14,15,17.2,5.4,2.3,5.1,44.9,0.8,1.7,46.0,0.1,0.2,60.0,0.4,1.6,2.0,2.5,1.4,0.8,0.2,1.4,12.7,0,0,-0.3,95,27,9,3,6,16.7,5.0,2.0,4.8,41.9,0.2,0.7,33.3,0.8,1.3,58.3,0.9,2.2,3.1,2.1,1.7,0.8,0.2,1.9,12.4,0,0,-6.9
JONQUEL JONES,385000.0,NY,416150.0,NY,416150.0,CON,375500.0,CON,375500.0,CON,27,30,39,32,7,29.9,14.2,5.3,9.8,53.8,1.5,3.9,38.8,2.1,2.7,78.8,1.7,7.3,9.0,3.2,2.4,0.8,1.3,2.9,32.0,11,0,8.1,38,30,40,32,8,25.0,11.3,4.4,8.4,52.7,0.8,2.3,35.2,1.7,2.0,86.3,2.6,5.8,8.4,1.8,2.1,0.6,1.3,2.8,26.1,11,0,8.2,19,29,33,23,10,26.4,14.6,5.3,10.4,51.3,1.2,3.4,36.9,2.7,3.4,80.2,2.6,6.0,8.6,1.8,2.6,1.1,1.2,2.7,30.6,11,0,7.7,4,28,27,24,3,31.7,19.4,7.1,13.8,51.5,1.6,4.3,36.2,3.6,4.5,80.2,2.5,8.7,11.2,2.8,2.9,1.3,1.3,3.1,40.0,18,0,12.4,,,,,,,,,,,,,,,,,,,,,,,,,,,,
SABRINA IONESCU,410060.0,NY,410060.0,NY,213597.0,NY,213597.0,NY,213597.0,NY,9,26,38,30,8,32.1,18.2,6.3,15.9,39.4,2.8,8.4,33.3,2.8,3.1,89.8,0.7,3.7,4.4,6.2,2.7,1.0,0.3,1.2,34.3,3,0,7.4,16,26,36,29,7,31.5,17.0,5.4,12.8,42.3,3.6,7.9,44.8,2.6,3.0,87.2,0.8,4.8,5.6,5.4,2.6,1.0,0.3,1.7,34.1,2,1,8.9,8,25,36,16,20,32.3,17.4,5.9,14.3,41.1,2.3,6.9,33.3,3.4,3.6,93.1,1.0,6.1,7.1,6.3,3.0,1.1,0.3,2.1,35.8,7,2,-1.1,37,24,30,11,19,30.0,11.7,3.8,9.9,37.9,1.8,5.5,32.5,2.4,2.6,91.1,0.7,5.0,5.7,6.1,3.2,0.6,0.5,1.8,27.6,5,1,-3.5,6,23,3,0,3,26.6,18.3,6.3,14.0,45.2,2.3,6.7,35.0,3.3,3.3,100,0.7,4.0,4.7,4.0,4.3,0.7,0.0,1.3,30.7,0,0,-8.7
KAHLEAH COPPER,490118.0,PHX,405000.0,CHI,405000.0,CHI,330000.0,CHI,330000.0,CHI,3,30,37,17,20,32.3,21.1,7.4,17.0,43.5,1.9,5.9,31.4,4.5,5.6,80.7,0.6,3.9,4.5,2.3,3.0,0.8,0.1,3.3,31.5,1,0,-3.1,7,29,38,17,21,31.2,18.7,6.9,15.4,44.8,1.8,4.5,40.4,3.1,4.0,77.0,0.7,3.7,4.4,2.0,2.5,0.9,0.3,2.4,29.3,1,0,-1.7,15,28,31,23,8,28.8,15.7,5.7,11.8,48.1,1.2,3.3,35.6,3.2,4.2,77.5,1.0,4.6,5.7,2.3,2.0,0.5,0.0,2.4,25.8,4,0,5.5,22,27,32,16,16,30.8,14.4,5.4,11.8,45.9,0.8,2.7,30.6,2.8,3.4,81.8,1.2,3.0,4.2,1.8,1.9,0.9,0.3,3.0,23.4,0,0,0.0,20,26,22,12,10,31.3,14.8,6.0,12.1,49.6,1.0,2.8,34.4,1.9,2.5,73.2,1.0,4.5,5.5,2.1,2.5,1.0,0.2,2.4,25.7,0,0,3.1
KELSEY PLUM,400000.0,LV,400000.0,LV,400000.0,LV,423250.0,LV,423250.0,LV,11,30,38,25,13,34.0,17.8,6.1,14.4,42.3,2.9,7.9,36.8,2.7,3.1,86.6,0.3,2.3,2.6,4.2,2.4,0.7,0.0,2.7,28.9,0,0,5.6,8,29,39,33,6,32.4,18.7,6.4,13.4,47.5,2.4,6.3,38.9,3.5,3.8,91.2,0.2,2.2,2.4,4.5,2.1,1.1,0.0,2.4,30.3,2,0,14.2,2,28,36,26,10,32.8,20.2,6.8,14.8,46.0,3.1,7.5,42.0,3.5,4.1,83.9,0.3,2.4,2.7,5.1,2.6,1.0,0.1,2.5,33.2,2,0,7.8,18,27,26,20,6,25.5,14.8,4.9,11.3,43.7,1.7,4.4,38.6,3.3,3.5,94.4,0.4,2.1,2.5,3.6,1.7,1.0,0.0,2.2,24.7,0,0,5.5,,,,,,,,,,,,,,,,,,,,,,,,,,,,
BETNIJAH LANEY-HAMILTON,400000.0,LV,398422.0,LV,398422.0,LV,232178.0,LV,232178.0,LV,35,31,28,21,7,30.3,11.8,4.3,9.4,45.6,1.5,3.6,40.2,1.7,1.9,90.6,1.1,3.1,4.2,3.3,2.4,1.1,0.0,2.1,23.1,0,0,9.7,31,30,40,32,8,30.0,12.8,5.0,10.0,49.9,1.5,3.8,39.2,1.3,1.7,79.1,0.8,2.5,3.3,2.4,1.9,0.9,0.1,2.2,21.9,0,0,7.5,40,29,9,3,6,28.3,11.2,4.2,10.0,42.2,1.2,3.2,37.9,1.6,1.8,87.5,0.1,3.2,3.3,2.8,2.7,0.4,0.1,2.7,19.7,0,0,-4.2,10,28,32,12,20,33.7,16.8,6.3,14.1,45.1,1.1,3.4,31.2,3.0,3.8,78.7,0.8,3.3,4.1,5.2,3.7,0.7,0.1,2.2,28.7,3,0,-5.6,11,27,22,7,15,33.3,17.2,6.5,13.5,48.1,1.4,3.4,40.5,2.8,3.4,82.7,1.1,3.8,4.9,4.0,3.0,1.6,0.1,2.5,30.7,4,0,-4.1
CHELSEA GRAY,392534.0,LV,392534.0,LV,392534.0,LV,386817.0,LV,195000.0,LA,56,32,27,20,7,26.0,8.6,3.1,7.6,40.8,1.0,2.9,33.8,1.4,1.8,81.3,0.2,2.7,2.9,4.9,2.4,1.3,0.7,1.4,21.3,1,0,5.7,24,31,40,34,6,32.2,15.3,5.6,11.5,49.0,1.6,3.8,42.1,2.4,2.7,89.7,0.3,3.7,4.0,7.3,2.5,1.4,0.6,1.8,32.2,10,1,10.9,23,30,35,25,10,29.7,13.7,5.2,10.7,49.1,1.0,2.9,34.0,2.3,2.5,91.0,0.3,2.9,3.2,6.1,2.3,1.6,0.3,1.5,27.8,1,0,8.1,42,29,32,24,8,28.9,11.1,4.6,10.2,45.4,0.8,2.2,38.0,1.0,1.1,88.9,0.5,2.4,2.9,5.9,2.8,1.2,0.3,1.3,23.6,1,0,5.7,26,28,22,15,7,30.6,14.0,5.5,12.5,44.2,0.8,2.7,30.5,2.1,2.2,93.9,0.7,3.0,3.7,5.3,2.7,1.5,0.1,1.7,27.0,0,0,4.5
AZURÁ STEVENS,385000.0,LA,385000.0,LA,140000.0,CHI,140000.0,CHI,214836.0,CHI,49,28,20,3,17,24.7,9.6,3.6,8.9,39.9,1.4,4.0,35.0,1.1,1.4,81.5,1.0,6.0,7.0,1.9,1.8,0.9,0.9,2.0,23.4,4,0,-5.9,41,28,35,14,21,26.0,10.8,4.3,10.5,40.4,1.0,3.1,32.1,1.3,1.7,75.4,1.5,4.4,5.9,1.1,1.5,1.2,0.9,2.6,23.1,3,0,-3.0,46,27,35,25,10,21.9,10.6,4.3,9.1,47.2,1.2,3.3,36.2,0.8,1.1,74.4,0.6,3.3,3.9,0.8,0.7,0.5,1.1,1.7,19.7,1,0,1.1,69,26,30,14,16,19.6,7.4,3.0,6.0,50.0,0.5,1.5,33.3,0.9,1.1,81.3,1.6,2.9,4.6,0.8,0.9,0.8,0.7,1.8,16.2,1,0,0.4,39,25,13,9,4,27.3,11.5,4.5,9.1,50.0,1.2,3.0,38.5,1.3,1.5,85.0,1.4,4.5,5.9,1.5,1.5,0.9,1.8,3.0,25.7,2,0,2.6
COURTNEY VANDERSLOOT,383670.0,NY,383670.0,NY,195000.0,CHI,406000.0,CHI,406000.0,CHI,76,35,31,24,7,22.3,6.4,2.6,5.9,44.5,0.6,2.2,26.9,0.5,1.0,54.8,0.4,2.2,2.6,4.8,1.8,0.8,0.5,1.7,16.9,1,0,4.7,42,35,39,32,7,30.4,10.5,4.1,9.3,44.2,0.9,3.2,29.4,1.3,1.7,76.1,0.5,3.0,3.5,8.1,2.7,1.3,0.6,2.0,26.8,8,0,8.4,37,34,32,23,9,26.5,11.8,4.3,8.8,48.1,0.9,2.5,36.7,2.3,3.1,76.5,0.7,3.2,3.9,6.5,2.7,1.2,0.5,1.7,26.4,4,0,6.2,46,33,32,16,16,30.5,10.5,4.0,9.3,43.3,1.1,3.3,34.6,1.3,1.5,85.7,0.5,2.9,3.4,8.6,3.0,1.7,0.4,2.1,27.8,10,0,2.1,28,32,22,12,10,31.5,13.6,4.9,9.9,49.1,1.4,3.5,39.5,2.5,2.9,88.9,0.5,3.0,3.5,10.0,2.5,1.2,0.4,2.1,31.6,9,0,6.3
ARIEL ATKINS,400000.0,WAS,345000.0,WAS,345000.0,WAS,345000.0,WAS,214836.0,WAS,24,28,40,14,26,29.9,14.9,5.4,12.4,43.7,2.0,5.5,35.7,2.1,2.5,84.8,0.9,2.5,3.4,3.1,2.3,1.5,0.4,2.8,27.2,0,0,-2.0,37,27,27,15,12,25.2,11.5,3.9,9.3,41.4,1.6,4.6,33.9,2.3,2.5,89.7,0.7,2.4,3.1,2.3,1.3,1.2,0.3,2.6,21.4,1,0,2.6,18,26,36,22,14,30.0,14.6,5.1,12.2,42.0,1.9,5.3,36.5,2.4,2.9,84.5,0.9,2.3,3.3,2.3,1.4,1.3,0.3,2.8,25.3,0,0,4.2,12,25,30,10,20,30.6,16.2,5.4,13.2,40.7,2.2,6.1,35.9,3.3,3.9,83.1,1.1,1.6,2.8,2.6,2.0,1.6,0.5,3.2,28.1,0,0,-1.5,19,24,22,9,13,31.0,14.8,5.0,11.4,43.8,2.0,4.9,41.1,2.8,3.2,88.6,0.8,2.1,2.9,2.4,1.9,1.8,0.3,2.6,26.2,0,0,1.6
ISABELLE HARRISON,320000.0,CHI,320000.0,CHI,463365.0,DAL,463365.0,DAL,463365.0,DAL,74,31,36,11,25,16.3,6.5,2.6,6.6,39.9,0.1,0.5,16.7,1.1,1.4,82.0,1.1,2.9,3.9,0.8,1.1,0.6,0.3,1.3,13.0,3,0,-4.8,,,,,,,,,,,,,,,,,,,,,,,,,,,,,58,29,35,17,18,18.4,8.7,3.3,7.1,46.6,0.1,0.1,100,2.1,2.4,86.7,1.4,2.9,4.3,1.3,1.3,0.7,0.1,2.1,16.2,3,0,-0.8,43,28,28,13,15,23.7,10.9,4.6,8.6,53.8,0.0,0.0,0.0,1.7,2.1,78.3,1.6,4.3,5.9,1.1,1.5,1.1,0.7,2.5,21.5,3,0,3.4,78,27,13,5,8,19.9,6.4,2.6,5.8,44.7,0.0,0.2,0.0,1.2,1.5,78.9,1.5,3.2,4.6,1.4,1.4,0.7,0.4,2.5,14.5,1,0,-0.5
STEFANIE DOLSON,345000.0,WAS,320000.0,NY,320000.0,NY,355250.0,CHI,355250.0,CHI,51,32,39,14,25,26.0,9.5,3.4,7.2,47.5,1.8,4.0,46.5,0.8,1.1,78.6,0.8,4.1,4.9,2.6,1.7,0.5,0.5,2.9,20.9,1,0,-2.0,100,32,23,18,5,11.9,4.0,1.5,3.0,51.5,0.5,1.1,46.2,0.5,0.6,78.6,0.6,1.4,2.0,1.2,0.9,0.0,0.3,1.8,8.3,0,0,1.2,64,31,36,16,20,23.0,8.1,3.1,6.4,49.3,0.7,1.8,39.4,1.1,1.2,90.5,1.2,3.6,4.8,1.8,1.6,0.4,0.8,3.1,17.7,1,0,-1.2,68,30,24,14,10,20.0,7.5,3.0,6.1,48.6,0.8,2.0,40.4,0.8,0.8,94.7,0.7,2.9,3.5,1.3,1.3,0.3,0.8,2.7,15.1,0,0,2.6,77,29,15,8,7,18.2,6.4,2.3,4.7,49.3,0.8,2.1,37.5,0.9,1.3,73.7,0.7,2.7,3.5,1.7,1.0,0.4,0.9,3.2,14.9,0,0,1.6
EZI MAGBEGOR,314650.0,SEA,314650.0,SEA,189042.0,SEA,189042.0,SEA,189042.0,SEA,38,25,37,23,14,30.7,11.7,4.6,9.1,51.2,0.4,1.4,24.5,2.1,2.4,87.4,2.2,5.8,8.0,2.0,1.4,1.1,2.2,3.2,28.6,8,0,4.4,29,24,40,11,29,32.6,13.8,5.4,10.6,51.3,0.8,2.0,38.5,2.2,3.1,69.9,1.6,6.5,8.1,2.6,2.4,1.1,1.9,3.2,31.1,10,0,-3.0,52,23,33,20,13,24.7,9.5,4.0,7.3,55.0,0.3,0.9,34.5,1.2,1.6,73.6,1.6,4.0,5.6,1.4,1.4,0.9,1.8,2.9,22.1,2,0,1.7,76,22,30,20,10,15.2,6.7,2.7,5.3,50.9,0.2,0.3,55.6,1.1,1.3,84.6,1.5,2.3,3.8,0.8,0.9,0.6,0.9,2.2,14.5,1,0,0.1,75,21,22,18,4,13.3,6.5,2.8,5.0,56.9,0.0,0.1,33.3,0.9,1.2,70.4,1.1,1.3,2.5,0.3,0.4,0.5,0.7,2.0,11.9,0,0,3.0
KAYLA THORNTON,222000.0,NY,305956.0,NY,305956.0,DAL,305956.0,DAL,262900.0,DAL,83,32,40,32,8,20.2,5.5,1.9,5.1,37.9,1.1,3.2,35.7,0.6,0.7,84.6,1.0,1.6,2.6,0.7,0.6,0.7,0.2,1.4,11.8,0,0,2.7,96,31,40,32,8,17.3,4.5,1.6,3.8,43.3,0.6,2.0,31.3,0.6,0.8,76.7,1.2,2.3,3.5,0.7,0.5,0.7,0.3,1.7,11.2,0,0,2.8,66,30,36,18,18,29.2,8.0,2.7,5.8,46.9,0.7,2.1,32.5,1.9,2.3,82.9,1.8,4.1,5.9,1.8,1.2,1.1,0.6,2.7,19.6,0,0,-0.3,67,29,31,14,17,27.6,7.5,2.7,6.4,42.1,0.7,2.0,34.9,1.5,1.7,84.9,2.1,3.5,5.6,1.5,1.0,0.8,0.2,2.0,17.4,2,0,-2.8,64,28,22,8,14,25.3,7.3,2.5,5.8,42.5,1.1,3.3,34.7,1.3,1.5,87.5,1.5,3.7,5.1,0.8,1.1,0.9,0.2,3.0,16.5,2,0,-1.6
DIAMOND DESHIELDS,100000.0,CHI,304500.0,DAL,304500.0,PHX,232178.0,CHI,232178.0,CHI,96,29,32,11,21,13.8,4.5,1.8,5.0,34.8,0.3,1.6,17.3,0.7,1.1,61.1,0.2,1.2,1.4,1.3,0.9,0.6,0.3,1.6,9.3,0,0,-3.9,,,,,,,,,,,,,,,,,,,,,,,,,,,,,31,28,30,13,17,25.3,13.1,4.7,12.2,38.8,0.7,3.0,23.6,2.9,3.8,76.5,0.6,3.2,3.8,2.2,2.3,1.0,0.5,3.3,22.9,1,0,-3.9,40,27,32,16,16,26.9,11.3,3.8,9.8,39.3,0.8,2.5,30.0,2.8,3.5,82.0,0.4,3.1,3.5,2.3,1.9,1.2,0.4,3.2,21.0,0,0,-0.2,71,26,13,9,4,17.2,6.8,2.8,6.4,43.4,0.2,1.4,16.7,1.1,1.4,77.8,0.2,1.5,1.8,1.5,2.3,0.9,0.1,2.1,12.4,0,0,-0.4
SOPHIE CUNNINGHAM,304500.0,PHX,304500.0,PHX,75000.0,PHX,189522.0,PHX,189522.0,PHX,59,28,40,19,21,27.7,8.4,2.6,6.0,42.9,1.7,4.5,37.8,1.5,1.7,87.0,0.4,3.5,3.9,2.0,1.0,1.0,0.3,2.3,18.5,1,0,-1.0,39,27,31,9,22,29.0,11.3,3.6,8.7,41.3,1.9,5.5,33.7,2.3,2.6,87.5,0.5,2.3,2.8,2.1,1.5,0.6,0.4,3.2,20.1,0,0,-6.2,34,26,28,12,16,29.5,12.6,4.3,9.5,44.9,2.5,6.3,40.0,1.5,1.7,87.5,0.7,3.7,4.4,1.6,1.0,1.0,0.4,3.4,23.8,0,0,-1.5,92,25,30,19,11,17.5,5.6,2.0,4.5,43.7,1.1,2.6,41.0,0.6,0.9,70.4,0.3,1.7,2.0,1.1,0.5,0.5,0.2,1.9,11.2,0,0,1.1,96,24,21,12,9,18.8,5.0,1.7,4.3,38.5,0.6,2.4,23.5,1.0,1.2,88.0,0.4,0.6,1.0,0.8,0.7,0.5,0.1,2.2,8.7,0,0,3.7
BRIANNA TURNER,300000.0,CHI,300000.0,PHX,197503.0,PHX,197503.0,PHX,197503.0,PHX,138,28,27,10,17,9.4,1.2,0.6,1.0,61.5,0.0,0.0,0.0,0.0,0.1,50.0,0.4,1.6,2.0,0.4,0.4,0.3,0.5,1.0,5.2,0,0,-3.9,112,27,40,9,31,26.3,3.5,1.7,2.6,65.0,0.0,0.0,0.0,0.2,0.3,50.0,1.3,5.1,6.3,1.3,1.5,1.0,1.1,2.2,15.2,0,0,-7.3,110,26,35,15,20,33.4,4.3,1.9,3.2,60.7,0.0,0.0,0.0,0.4,0.9,50.0,2.0,4.8,6.8,2.3,1.4,1.3,1.6,2.3,19.1,1,0,-0.4,63,25,32,19,13,31.1,7.8,3.4,6.1,55.4,0.0,0.0,0.0,1.0,1.4,71.7,2.4,7.0,9.4,1.8,1.5,0.8,1.3,2.2,23.1,6,0,4.7,66,24,22,13,9,27.9,7.2,3.0,5.2,57.9,0.0,0.0,0.0,1.2,1.9,64.3,2.6,6.4,9.0,1.8,1.4,1.1,2.0,3.0,24.1,4,0,1.3
RIQUNA WILLIAMS,,,294350.0,LV,294350.0,LV,91250.0,LV,222000.0,LA,,,,,,,,,,,,,,,,,,,,,,,,,,,,,,,,,,,,,,,,,,,,,,,,,,,,,,,,,82,33,21,15,6,18.0,6.7,2.1,5.6,38.1,1.6,4.4,36.6,0.8,1.0,76.2,0.2,1.8,2.0,1.2,0.3,0.4,0.1,1.7,12.6,0,0,2.5,45,32,32,24,8,26.0,10.5,3.6,8.0,44.4,2.0,4.7,41.7,1.4,1.6,92.0,0.2,2.4,2.6,1.6,0.7,0.8,0.4,1.5,18.9,0,0,4.7,46,31,21,14,7,21.1,10.5,3.9,8.9,43.5,2.0,4.9,42.2,0.8,0.9,88.9,0.1,1.7,1.8,1.5,0.9,1.1,0.3,2.0,18.8,0,0,-0.1
SAMI WHITCOMB,287500.0,SEA,287500.0,SEA,300700.0,NY,300700.0,NY,168000.0,SEA,89,36,40,25,15,15.3,5.0,1.8,5.2,34.6,1.2,4.0,29.2,0.2,0.3,81.8,0.4,1.5,1.9,1.6,1.0,0.8,0.2,1.4,11.6,0,0,1.0,48,35,40,11,29,24.5,9.7,3.2,8.0,40.0,2.2,5.8,38.5,1.1,1.3,83.0,0.5,2.4,2.9,2.9,2.0,0.9,0.4,1.9,20.1,1,0,-1.2,86,34,35,16,19,21.3,6.5,2.1,5.7,36.8,1.7,4.8,35.1,0.6,0.7,87.0,0.3,2.1,2.3,2.3,1.4,0.7,0.1,1.6,14.6,0,0,-2.2,38,33,30,12,18,28.1,11.7,4.1,8.7,47.3,2.5,6.0,42.5,0.9,1.1,81.8,0.3,4.7,5.0,2.7,2.1,1.0,0.3,1.8,24.7,0,0,-3.1,59,32,22,18,4,16.5,8.1,2.8,6.4,44.3,1.5,3.8,38.1,1.0,1.0,100,0.2,2.1,2.3,2.0,1.0,0.7,0.1,1.4,15.5,0,0,3.9
KIA NURSE,285000.0,LA,285000.0,SEA,73542.0,PHX,191720.0,PHX,191720.0,NY,63,28,40,8,32,20.3,7.6,2.6,6.6,38.8,1.3,4.0,33.1,1.2,1.5,79.3,0.4,1.2,1.6,1.3,1.2,0.5,0.0,1.8,12.8,0,0,-3.9,79,28,40,11,29,19.7,5.9,2.0,5.8,34.3,1.3,3.6,35.0,0.6,0.7,88.9,0.3,2.0,2.3,1.3,0.7,0.6,0.1,1.9,12.0,0,0,-4.3,,,,,,,,,,,,,,,,,,,,,,,,,,,,,51,26,32,19,13,26.1,9.5,3.1,8.5,35.9,1.8,5.2,35.3,1.5,1.9,79.0,0.4,3.1,3.5,1.8,1.5,0.5,0.1,2.3,17.8,0,0,0.8,38,25,21,2,19,27.5,12.2,3.2,11.9,27.3,1.5,6.2,23.8,4.2,4.9,86.4,0.5,2.3,2.9,2.3,2.2,0.5,0.2,1.8,20.2,0,0,-8.6
REBECCA ALLEN,320000.0,PHX,277850.0,CON,277850.0,NY,105037.0,NY,161600.0,NY,67,32,18,11,7,24.9,7.4,2.9,7.0,42.1,1.4,3.9,35.7,0.1,0.2,66.7,0.7,3.2,3.9,1.1,1.0,0.9,0.7,1.9,17.1,0,0,-0.7,74,31,40,27,13,21.5,6.4,2.5,6.0,40.8,1.0,2.9,34.8,0.5,0.7,70.4,0.7,2.1,2.8,0.9,0.9,0.9,1.3,1.9,15.5,0,0,1.6,76,30,25,11,14,20.9,7.0,2.6,6.8,37.9,1.0,3.3,31.3,0.8,1.0,83.3,0.3,3.0,3.4,1.2,1.0,0.8,1.0,1.9,16.0,0,0,-1.2,55,29,25,8,17,24.2,9.2,3.0,8.6,34.3,1.9,5.0,38.1,1.3,1.5,89.2,0.8,2.9,3.7,1.1,0.8,1.6,1.2,2.2,21.6,0,0,-8.4,,,,,,,,,,,,,,,,,,,,,,,,,,,,
TIFFANY MITCHELL,274050.0,CON,274050.0,MIN,432726.0,IND,432726.0,IND,432726.0,IND,91,30,24,18,6,16.3,4.9,1.6,4.5,34.9,0.3,1.0,25.0,1.5,1.9,78.3,0.5,1.1,1.5,0.8,0.6,0.5,0.0,1.2,8.5,0,0,2.6,66,29,33,14,19,23.1,7.3,2.6,6.5,40.4,0.4,1.4,28.9,1.7,2.0,83.3,0.5,1.8,2.3,2.3,2.1,0.5,0.1,2.7,13.4,0,0,-4.0,85,28,34,5,29,16.2,6.5,2.4,5.4,45.1,0.4,0.9,38.7,1.3,1.5,86.5,0.6,0.6,1.2,1.2,0.9,0.8,0.1,1.4,11.0,0,0,-5.3,34,27,28,5,23,27.3,12.0,3.8,9.1,42.1,0.4,1.7,25.5,3.9,4.5,88.0,0.9,2.0,2.9,2.0,1.9,0.6,0.0,1.9,18.6,0,0,-5.0,35,26,19,5,14,26.4,12.7,3.9,11.3,34.6,0.9,3.8,23.3,4.1,4.3,95.1,0.8,2.6,3.4,2.6,2.4,0.6,0.1,2.6,21.1,0,0,-3.7
VICTORIA VIVIANS,76535.0,SEA,272000.0,IND,72141.0,IND,213836.0,IND,213836.0,IND,116,29,35,21,14,12.7,3.1,1.2,3.5,33.3,0.6,2.0,31.9,0.2,0.3,66.7,0.5,1.4,2.0,0.8,0.6,0.4,0.2,1.2,7.7,0,0,1.6,88,29,38,11,27,17.7,5.2,1.9,5.1,38.0,0.7,2.5,28.7,0.6,0.8,76.7,0.5,2.6,3.1,1.3,0.8,0.7,0.2,1.9,12.0,0,0,-2.8,50,28,35,5,30,26.9,9.8,3.6,10.7,33.6,1.3,4.5,28.0,1.3,1.8,74.2,0.7,2.9,3.6,2.4,2.1,1.1,0.3,2.4,19.7,0,0,-7.1,75,27,31,5,26,21.3,6.8,2.5,7.5,33.3,1.0,4.1,25.2,0.8,1.0,83.3,0.5,2.6,3.1,1.3,1.3,1.1,0.1,1.8,14.7,0,0,-6.3,98,26,6,3,3,14.2,4.8,1.7,4.8,34.5,0.3,1.8,18.2,1.2,1.3,87.5,0.3,2.0,2.3,0.5,1.0,0.2,0.0,2.5,8.3,0,0,0.5
ELIZABETH WILLIAMS,270000.0,CHI,270000.0,CHI,90000.0,WAS,464000.0,ATL,464000.0,ATL,47,31,9,4,5,27.7,10.0,4.1,8.4,48.7,0.0,0.0,0.0,1.8,2.7,66.7,2.8,4.2,7.0,1.6,1.7,1.7,1.7,2.1,25.2,2,0,1.6,47,31,40,18,22,29.7,9.8,4.2,8.1,51.4,0.0,0.0,0.0,1.5,2.3,63.0,2.3,3.6,5.8,2.5,1.4,1.3,1.5,2.5,23.6,2,0,0.0,96,30,30,18,12,14.9,5.4,2.3,4.7,48.2,0.0,0.0,0.0,0.8,1.4,58.1,1.5,2.3,3.8,0.5,0.6,0.6,0.6,1.5,12.1,1,0,1.1,86,29,32,8,24,23.8,5.8,2.5,4.8,51.6,0.0,0.0,0.0,0.8,1.7,50.9,2.0,2.9,4.9,1.2,0.8,1.1,1.3,1.9,16.9,1,0,-3.7,48,28,22,7,15,29.2,10.1,4.0,8.1,48.9,0.0,0.0,0.0,2.2,3.0,74.2,2.2,3.5,5.7,1.4,1.1,0.8,1.4,2.6,21.5,3,0,-4.3
JADE MELBOURNE,268767.0,WAS,268767.0,SEA,,,,,,,86,22,37,14,23,14.2,5.4,1.9,4.5,43.4,0.5,1.5,35.7,0.9,1.3,71.4,0.4,1.1,1.5,1.6,1.7,0.6,0.1,1.5,10.6,0,0,-0.4,118,21,29,9,20,10.6,2.6,0.9,2.2,39.1,0.1,0.7,15.0,0.8,1.0,79.3,0.2,1.0,1.2,1.2,0.9,0.4,0.0,1.6,6.0,0,0,-0.6,,,,,,,,,,,,,,,,,,,,,,,,,,,,,,,,,,,,,,,,,,,,,,,,,,,,,,,,,,,,,,,,,,,,,,,,,,,,,,,,,,,,
JESSICA SHEPARD,243600.0,MIN,243600.0,MIN,189522.0,MIN,189522.0,MIN,189522.0,MIN,,,,,,,,,,,,,,,,,,,,,,,,,,,,,61,27,21,9,12,26.9,8.1,3.1,6.0,51.6,0.0,0.1,0.0,2.0,2.5,77.4,2.1,5.0,7.1,3.2,1.4,0.6,0.1,2.0,19.8,3,0,-4.6,63,26,36,14,22,26.1,8.1,3.0,6.0,50.2,0.2,0.6,26.1,1.9,2.6,73.4,2.0,5.4,7.4,3.0,1.7,0.4,0.3,2.1,20.1,6,0,-2.5,131,25,22,15,7,10.5,2.0,0.7,2.0,36.4,0.0,0.5,8.3,0.5,0.7,75.0,1.1,2.1,3.2,1.7,0.8,0.1,0.2,0.9,7.7,0,0,-0.4,,,,,,,,,,,,,,,,,,,,,,,,,,,,
NATISHA HIEDEMAN,240000.0,MIN,240000.0,CON,72141.0,CON,58710.0,CON,57000.0,CON,92,27,40,30,10,15.2,4.9,1.8,4.8,38.0,0.6,2.1,28.0,0.6,0.9,73.5,0.4,1.2,1.6,2.4,1.1,0.8,0.2,1.2,11.3,0,0,-0.5,54,27,40,27,13,26.7,8.5,3.1,7.9,39.2,1.5,4.0,36.6,0.9,1.2,73.9,0.2,1.9,2.1,2.7,1.4,0.9,0.1,2.2,16.7,0,0,2.7,55,26,36,25,11,25.0,9.1,3.3,7.6,43.1,1.9,4.7,41.1,0.7,0.8,80.0,0.2,1.6,1.8,3.3,1.3,1.2,0.1,1.8,18.6,0,0,6.4,66,25,32,26,6,20.1,7.6,2.4,6.1,40.0,1.6,4.0,39.8,1.1,1.6,70.0,0.2,1.6,1.8,1.9,0.9,0.8,0.2,1.9,14.9,0,0,2.5,82,24,22,10,12,18.6,6.1,2.0,5.8,35.4,1.0,2.9,35.9,1.0,1.4,70.0,0.4,1.5,1.9,1.9,1.1,0.4,0.0,2.0,11.6,0,0,-3.2
KATIE LOU SAMUELSON,355250.0,IND,237754.0,LA,237754.0,LA,237754.0,SEA,237754.0,DAL,100,27,37,18,19,18.2,4.3,1.4,3.9,34.9,0.9,2.7,33.0,0.6,0.7,96.0,0.5,1.8,2.3,1.4,0.5,0.3,0.2,1.4,10.0,0,0,-2.3,,,,,,,,,,,,,,,,,,,,,,,,,,,,,51,26,32,11,21,29.5,9.7,3.3,9.0,37.3,1.8,5.0,35.2,1.3,1.5,83.7,0.5,2.4,3.0,1.9,1.1,1.0,0.2,1.6,18.9,0,0,-4.8,72,25,27,16,11,21.0,7.0,2.7,5.9,45.6,1.0,2.7,35.1,0.7,1.0,73.1,0.4,3.1,3.5,1.7,1.1,0.7,0.3,1.7,15.1,0,0,2.4,94,24,22,8,14,19.9,5.0,1.8,4.4,41.7,0.9,2.7,31.7,0.5,0.7,73.3,0.4,2.0,2.4,1.4,0.5,0.7,0.4,1.5,11.7,0,0,-1.1
ALIYAH BOSTON,233468.0,IND,233468.0,IND,,,,,,,28,22,40,20,20,30.9,14.0,5.9,11.2,52.9,0.2,0.7,26.9,2.0,2.8,73.6,2.8,6.1,8.9,3.2,2.0,0.9,1.2,3.3,30.4,13,0,-0.8,27,22,40,13,27,31.2,14.5,5.8,10.1,57.8,0.1,0.3,40.0,2.7,3.6,74.5,3.1,5.3,8.4,2.2,1.9,1.3,1.3,3.1,30.3,11,0,-1.3,,,,,,,,,,,,,,,,,,,,,,,,,,,,,,,,,,,,,,,,,,,,,,,,,,,,,,,,,,,,,,,,,,,,,,,,,,,,,,,,,,,,
DIAMOND MILLER,233468.0,MIN,233468.0,MIN,,,,,,,121,23,21,14,7,10.1,2.9,1.0,3.3,30.4,0.2,1.2,19.2,0.7,1.1,58.3,0.4,1.3,1.8,0.6,0.9,0.3,0.0,1.1,6.3,0,0,-2.7,34,23,32,15,17,26.1,12.1,4.4,10.8,40.3,1.0,3.2,30.7,2.4,3.0,79.2,0.7,2.8,3.5,2.5,2.3,0.9,0.3,2.5,21.7,0,0,-1.7,,,,,,,,,,,,,,,,,,,,,,,,,,,,,,,,,,,,,,,,,,,,,,,,,,,,,,,,,,,,,,,,,,,,,,,,,,,,,,,,,,,,
MADDY SIEGRIST,233468.0,DAL,233468.0,DAL,,,,,,,53,24,27,6,21,23.8,9.4,3.9,7.8,50.5,0.4,1.4,27.0,1.2,1.6,76.7,1.6,1.7,3.3,1.0,0.6,0.4,0.4,1.2,15.6,0,0,-4.6,106,24,39,22,17,8.2,3.7,1.5,2.9,50.9,0.1,0.4,33.3,0.7,0.7,93.1,0.9,0.6,1.6,0.2,0.2,0.2,0.2,0.7,6.4,0,0,0.7,,,,,,,,,,,,,,,,,,,,,,,,,,,,,,,,,,,,,,,,,,,,,,,,,,,,,,,,,,,,,,,,,,,,,,,,,,,,,,,,,,,,
STEPHANIE TALBOT,227000.0,LA,227000.0,LA,72141.0,SEA,70040.0,SEA,,,109,30,37,8,29,16.2,3.5,1.3,3.4,39.5,0.4,1.4,26.0,0.5,0.8,69.0,0.6,2.2,2.7,2.1,1.0,0.5,0.5,1.4,10.6,0,0,-1.4,,,,,,,,,,,,,,,,,,,,,,,,,,,,,101,29,34,20,14,16.1,5.0,1.9,4.1,46.4,0.9,2.1,39.7,0.4,0.7,58.3,0.7,2.5,3.1,1.3,1.1,0.7,0.3,1.3,12.4,0,0,-0.3,90,28,30,20,10,17.9,5.7,2.3,4.8,48.3,0.9,2.2,41.5,0.2,0.3,75.0,0.4,2.5,2.9,1.6,1.6,0.5,0.4,1.9,12.8,0,0,3.3,,,,,,,,,,,,,,,,,,,,,,,,,,,,
NALYSSA SMITH,226668.0,IND,226668.0,IND,226668.0,IND,,,,,43,24,40,20,20,24.7,10.6,4.2,8.8,48.0,0.4,1.2,29.2,1.8,3.2,56.7,1.8,5.3,7.1,1.0,1.3,0.8,1.0,2.7,22.5,7,0,-4.8,23,23,31,11,20,28.5,15.5,6.1,12.7,47.7,0.6,2.2,28.4,2.7,4.0,67.7,2.1,7.1,9.2,1.4,2.7,0.3,0.3,3.0,28.0,13,0,-1.2,25,22,32,5,27,30.7,13.5,5.0,11.9,41.9,1.2,3.0,38.1,2.4,3.8,61.8,2.2,5.7,7.9,1.4,2.4,0.5,0.3,2.9,25.4,8,0,-8.2,,,,,,,,,,,,,,,,,,,,,,,,,,,,,,,,,,,,,,,,,,,,,,,,,,,,,,,,
RHYNE HOWARD,226668.0,ATL,226668.0,ATL,226668.0,ATL,,,,,15,24,30,14,16,33.9,17.3,5.6,15.0,37.1,2.7,8.1,32.9,3.5,4.5,78.4,0.8,3.5,4.4,3.1,1.7,1.8,0.6,2.1,32.3,2,0,1.0,13,24,39,18,21,32.9,17.5,5.8,15.1,38.5,2.5,7.2,35.2,3.3,4.2,78.8,0.7,4.3,4.9,3.5,1.9,1.3,0.6,2.8,32.4,2,0,-0.3,12,23,34,13,21,31.3,16.2,5.4,15.0,36.1,2.5,7.3,34.3,2.9,3.7,79.2,0.8,3.7,4.5,2.8,1.6,1.6,0.8,2.6,30.8,0,0,-4.4,,,,,,,,,,,,,,,,,,,,,,,,,,,,,,,,,,,,,,,,,,,,,,,,,,,,,,,,
SHAKIRA AUSTIN,226668.0,WAS,226668.0,WAS,226668.0,WAS,,,,,36,24,12,2,10,19.8,11.8,4.3,10.1,43.0,0.1,0.3,25.0,3.0,4.5,66.7,1.8,5.1,6.8,0.9,2.4,1.3,0.9,2.5,23.9,1,0,0.1,45,23,19,12,7,23.2,10.0,4.1,8.1,50.0,0.0,0.0,0.0,1.9,3.1,61.0,1.5,5.5,7.0,0.9,1.8,0.8,0.9,2.3,21.4,5,0,3.5,59,22,36,22,14,21.6,8.7,3.4,6.2,54.7,0.0,0.0,0.0,1.9,3.0,62.4,1.8,4.7,6.4,0.9,1.5,0.8,0.8,2.3,19.2,4,0,2.9,,,,,,,,,,,,,,,,,,,,,,,,,,,,,,,,,,,,,,,,,,,,,,,,,,,,,,,,
GRACE BERGER,224026.0,IND,224026.0,IND,,,,,,,123,25,11,4,7,9.3,2.8,0.9,2.3,40.0,0.2,0.5,40.0,0.8,1.3,64.3,0.4,1.0,1.4,0.6,0.9,0.5,0.0,1.1,5.9,0,0,-1.3,98,25,36,12,24,14.6,4.2,1.6,3.5,44.9,0.4,0.9,47.1,0.6,0.7,84.0,0.2,1.4,1.6,1.9,1.0,0.5,0.2,1.1,9.3,0,0,-0.9,,,,,,,,,,,,,,,,,,,,,,,,,,,,,,,,,,,,,,,,,,,,,,,,,,,,,,,,,,,,,,,,,,,,,,,,,,,,,,,,,,,,
HALEY JONES,224026.0,ATL,224026.0,ATL,,,,,,,104,23,40,15,25,17.8,3.9,1.5,3.7,39.7,0.2,0.7,21.4,0.8,1.2,70.2,0.3,2.0,2.2,2.1,1.7,0.4,0.3,2.0,9.6,0,0,-2.4,107,23,40,19,21,14.6,3.7,1.4,4.2,33.7,0.2,0.7,21.4,0.8,1.0,75.6,0.4,2.0,2.4,2.3,1.4,0.4,0.3,1.7,9.9,0,0,-0.3,,,,,,,,,,,,,,,,,,,,,,,,,,,,,,,,,,,,,,,,,,,,,,,,,,,,,,,,,,,,,,,,,,,,,,,,,,,,,,,,,,,,
LAETICIA AMIHERE,224026.0,ATL,224026.0,ATL,,,,,,,142,23,17,5,12,4.9,1.1,0.4,1.5,26.9,0.0,0.0,0.0,0.3,1.0,29.4,0.7,0.9,1.6,0.2,0.5,0.1,0.2,0.4,3.5,0,0,-1.1,116,22,21,9,12,7.0,2.7,0.8,2.0,40.5,0.0,0.0,0.0,1.0,2.0,53.7,0.2,0.7,1.0,0.2,0.5,0.2,0.4,1.0,5.1,0,0,-2.7,,,,,,,,,,,,,,,,,,,,,,,,,,,,,,,,,,,,,,,,,,,,,,,,,,,,,,,,,,,,,,,,,,,,,,,,,,,,,,,,,,,,
LOU LOPEZ-SENECHAL,224026.0,DAL,224026.0,DAL,,,,,,,,,,,,,,,,,,,,,,,,,,,,,,,,,,,,,,,,,,,,,,,,,,,,,,,,,,,,,,,,,,,,,,,,,,,,,,,,,,,,,,,,,,,,,,,,,,,,,,,,,,,,,,,,,,,,,,,,,,,,,,,,,,,,,,,,,,,,,,,,,,
AARI MCDONALD,220067.0,LA,220067.0,ATL,220067.0,ATL,220067.0,ATL,,,55,26,26,6,20,21.8,8.7,3.0,7.3,40.3,1.1,3.5,31.9,1.7,2.0,84.3,0.5,1.5,2.0,3.7,1.8,0.9,0.2,2.0,17.7,1,0,-3.0,63,25,24,8,16,23.5,7.9,2.8,6.8,40.2,1.0,3.3,32.1,1.3,1.8,76.2,0.3,1.8,2.0,3.0,1.6,0.6,0.0,1.6,15.2,0,0,-2.3,42,24,36,14,22,24.3,11.1,3.6,8.9,41.1,1.3,3.9,33.8,2.4,2.8,87.1,0.4,1.8,2.3,2.6,2.1,1.5,0.0,2.2,20.2,0,0,-0.1,82,23,30,7,23,16.4,6.3,1.9,5.8,32.2,1.1,3.5,30.8,1.5,1.7,88.2,0.3,1.3,1.6,2.0,1.2,0.8,0.2,1.8,13.0,0,0,-2.1,,,,,,,,,,,,,,,,,,,,,,,,,,,,
AWAK KUIER,220067.0,DAL,220067.0,DAL,220067.0,DAL,220067.0,DAL,,,,,,,,,,,,,,,,,,,,,,,,,,,,,,,119,22,37,22,15,10.8,2.6,1.0,2.5,39.6,0.1,0.6,8.7,0.6,0.7,77.8,0.6,1.9,2.5,0.5,0.6,0.2,0.6,0.8,7.4,0,0,-0.7,129,21,33,17,16,12.6,2.8,1.0,2.6,39.5,0.1,0.6,19.0,0.6,0.9,61.3,0.7,1.8,2.5,0.9,0.6,0.4,0.9,0.8,8.8,0,0,-0.3,127,20,16,6,10,8.9,2.4,0.8,2.4,30.8,0.2,1.1,16.7,0.7,0.9,78.6,0.6,1.9,2.4,0.6,1.0,0.3,0.8,0.6,7.7,0,0,-1.5,,,,,,,,,,,,,,,,,,,,,,,,,,,,
ALYSHA CLARK,220000.0,LV,220000.0,LV,366000.0,WAS,366000.0,WAS,252400.0,SEA,78,37,40,27,13,24.3,6.0,2.1,4.8,44.3,1.2,3.2,37.3,0.6,0.7,82.1,0.5,3.1,3.6,1.8,1.4,0.8,0.3,2.7,14.8,0,0,4.5,71,36,39,33,6,22.5,6.7,2.3,5.3,44.4,1.3,3.4,38.6,0.7,0.8,81.8,0.5,2.9,3.4,1.1,0.7,0.6,0.2,2.2,14.0,0,0,5.6,65,35,29,18,11,26.4,8.0,3.1,6.8,46.4,1.0,3.4,30.3,0.7,0.8,91.3,0.8,3.7,4.5,2.0,1.3,1.0,0.3,1.9,18.1,0,0,4.2,,,,,,,,,,,,,,,,,,,,,,,,,,,,,50,33,22,18,4,28.8,10.0,3.7,6.7,55.8,1.6,3.0,52.2,0.9,1.1,80.0,0.9,3.4,4.2,2.7,0.9,1.5,0.5,1.7,22.5,0,0,11.9
LEXIE HULL,217502.0,IND,217502.0,IND,217502.0,IND,,,,,84,25,34,17,17,19.7,5.5,1.8,4.0,44.1,1.0,2.1,47.1,1.0,1.2,80.5,1.0,1.5,2.5,1.1,0.9,0.6,0.3,2.5,11.9,0,0,0.7,94,24,30,7,23,20.6,4.6,1.8,4.8,37.2,0.4,2.0,21.7,0.6,0.7,77.3,1.2,1.6,2.7,1.1,1.0,1.0,0.3,2.8,11.4,0,0,-3.9,116,23,26,3,23,12.9,3.8,1.1,4.0,26.7,0.3,1.7,18.6,1.4,1.5,90.0,0.4,1.1,1.5,0.7,0.7,0.6,0.1,1.8,7.7,0,0,-4.3,,,,,,,,,,,,,,,,,,,,,,,,,,,,,,,,,,,,,,,,,,,,,,,,,,,,,,,,
VERONICA BURTON,50180.0,CON,217502.0,DAL,217502.0,DAL,,,,,117,24,31,19,12,12.7,3.1,0.8,2.3,36.1,0.4,1.2,35.1,1.0,1.2,83.8,0.4,1.0,1.4,1.9,0.5,0.5,0.2,1.0,8.2,0,0,3.5,121,23,40,22,18,13.9,2.4,0.6,2.1,29.4,0.3,1.2,27.1,0.8,0.9,91.2,0.6,1.2,1.8,2.2,0.4,0.7,0.3,1.4,8.6,0,0,-0.3,132,22,36,18,18,15.2,2.6,0.7,2.1,32.9,0.3,1.2,27.9,0.9,0.9,100,0.5,1.0,1.5,1.9,1.0,0.9,0.3,1.4,8.8,0,0,1.1,,,,,,,,,,,,,,,,,,,,,,,,,,,,,,,,,,,,,,,,,,,,,,,,,,,,,,,,
JORDAN HORSTON,214588.0,SEA,214588.0,SEA,,,,,,,70,23,39,24,15,22.3,6.8,2.8,5.8,49.3,0.3,1.3,25.0,0.8,1.1,72.1,1.2,3.1,4.3,1.8,1.7,1.3,0.7,1.9,17.1,1,0,0.5,69,23,36,10,26,22.4,6.9,2.8,7.6,36.7,0.3,1.1,24.4,1.0,1.4,71.2,1.3,3.8,5.1,1.6,2.0,1.2,0.6,2.2,17.5,3,0,-1.8,,,,,,,,,,,,,,,,,,,,,,,,,,,,,,,,,,,,,,,,,,,,,,,,,,,,,,,,,,,,,,,,,,,,,,,,,,,,,,,,,,,,
ZIA COOKE,214588.0,LA,214588.0,LA,,,,,,,108,23,29,6,23,8.9,3.6,1.2,3.9,32.1,0.4,1.3,29.7,0.7,1.0,69.0,0.1,0.5,0.6,0.6,0.7,0.3,0.1,0.8,6.0,0,0,-2.0,93,23,39,17,22,14.1,4.8,1.7,5.8,28.9,0.5,1.8,26.1,1.0,1.2,81.3,0.3,0.7,0.9,0.8,0.7,0.3,0.3,0.9,8.3,0,0,-3.1,,,,,,,,,,,,,,,,,,,,,,,,,,,,,,,,,,,,,,,,,,,,,,,,,,,,,,,,,,,,,,,,,,,,,,,,,,,,,,,,,,,,
SATOU SABALLY,195000.0,DAL,213597.0,DAL,213597.0,DAL,213597.0,DAL,213597.0,DAL,10,26,15,3,12,34.2,17.9,5.9,13.9,42.6,2.5,5.6,45.2,3.5,4.5,77.9,1.2,5.2,6.4,5.0,2.5,1.3,0.5,3.2,35.5,0,0,-3.5,9,26,38,21,17,33.1,18.6,6.2,14.3,43.5,1.7,4.8,36.1,4.4,5.0,87.4,2.3,5.8,8.1,4.4,2.9,1.8,0.4,3.6,37.3,14,1,4.2,39,25,11,4,7,21.7,11.3,3.7,9.4,39.8,0.9,3.9,23.3,2.9,3.2,91.4,0.8,4.0,4.8,2.1,2.3,0.5,0.2,3.2,20.4,2,0,-0.2,35,24,17,9,8,24.9,11.9,4.1,9.7,41.8,1.1,3.2,32.7,2.8,3.6,77.0,1.6,4.3,5.9,2.8,2.3,0.2,0.8,3.2,23.8,0,0,2.3,27,23,16,5,11,28.2,13.9,4.2,11.4,36.8,0.8,4.1,19.7,4.7,5.4,87.2,2.6,5.2,7.8,2.5,2.2,0.8,0.9,3.1,28.3,5,0,-3.6
MICHAELA ONYENWERE,211167.0,CHI,211167.0,PHX,211167.0,NY,211167.0,NY,,,72,25,34,10,24,18.7,6.6,2.6,6.2,41.5,0.7,2.0,36.8,0.7,1.2,61.0,0.6,1.3,1.8,1.0,1.3,0.6,0.4,2.0,12.0,0,0,-3.2,53,24,40,9,31,23.8,8.9,3.3,8.1,40.4,0.9,2.8,31.5,1.5,2.0,75.9,1.2,2.5,3.7,1.3,2.0,0.8,0.5,2.9,17.2,1,0,-5.0,105,23,34,16,18,13.7,4.7,1.4,3.8,37.7,0.4,1.5,30.0,1.4,1.6,83.6,0.4,1.7,2.1,0.4,0.7,0.4,0.2,2.0,8.9,0,0,0.6,60,22,32,12,20,22.5,8.6,2.8,7.1,39.9,1.2,3.5,32.7,1.8,2.1,83.6,0.7,2.3,2.9,0.6,1.1,0.4,0.3,2.5,14.7,1,0,-3.1,,,,,,,,,,,,,,,,,,,,,,,,,,,,
KIERSTAN BELL,208338.0,LV,208338.0,LV,208338.0,LV,,,,,122,24,6,6,0,7.2,2.8,1.0,2.7,37.5,0.7,1.3,50.0,0.2,0.3,50.0,0.2,0.8,1.0,0.8,0.2,0.0,0.0,0.8,5.3,0,0,-0.2,108,24,36,31,5,11.8,3.7,1.5,4.3,34.6,0.6,2.3,24.4,0.2,0.3,60.0,0.4,1.2,1.6,0.5,0.4,0.4,0.1,1.3,7.4,0,0,-0.6,154,23,21,18,3,5.8,1.3,0.5,1.6,30.3,0.1,1.0,13.6,0.2,0.2,100,0.2,0.7,0.9,0.3,0.2,0.1,0.1,0.5,3.1,0,0,-2.9,,,,,,,,,,,,,,,,,,,,,,,,,,,,,,,,,,,,,,,,,,,,,,,,,,,,,,,,
LOU LOPEZ SÉNÉCHAL,,,208338.0,LA,208338.0,CON,,,,,147,26,27,5,22,4.6,0.9,0.4,1.3,29.4,0.1,0.6,20.0,0.1,0.1,50.0,0.1,0.3,0.4,0.4,0.2,0.1,0.0,0.5,2.0,0,0,-3.2,,,,,,,,,,,,,,,,,,,,,,,,,,,,,,,,,,,,,,,,,,,,,,,,,,,,,,,,,,,,,,,,,,,,,,,,,,,,,,,,,,,,,,,,,,,,,,,,,,,,,,,,,,,,,,,,
QUEEN EGBO,64154.0,LV,208338.0,WAS,208338.0,IND,,,,,135,24,8,5,3,3.6,1.5,0.6,1.5,41.7,0.0,0.0,0.0,0.3,0.3,100,0.4,0.9,1.3,0.0,0.0,0.4,0.1,0.5,3.8,0,0,0.0,90,24,37,13,24,12.8,4.8,2.0,4.0,50.0,0.0,0.0,0.0,0.8,1.3,63.8,1.1,3.2,4.3,0.3,0.9,0.4,0.6,2.3,11.5,0,0,-1.8,72,23,33,5,28,21.8,7.2,2.9,6.5,44.2,0.0,0.0,0.0,1.5,2.3,64.5,1.8,4.5,6.3,0.9,1.9,0.9,1.2,3.0,18.8,2,0,-4.3,,,,,,,,,,,,,,,,,,,,,,,,,,,,,,,,,,,,,,,,,,,,,,,,,,,,,,,,
BRIONNA JONES,212000.0,CON,208000.0,CON,240000.0,CON,240000.0,CON,,,29,28,40,28,12,27.2,13.7,5.5,10.2,53.8,0.1,0.4,14.3,2.7,3.6,73.8,2.2,3.4,5.5,1.5,1.3,1.2,0.6,2.7,24.3,0,0,6.5,20,28,13,10,3,31.7,15.9,6.2,10.8,57.1,0.2,0.3,50.0,3.5,4.5,77.6,3.2,5.0,8.2,2.4,2.2,1.8,0.5,4.1,31.4,4,0,5.1,22,27,36,25,11,25.1,13.8,5.2,9.1,56.9,0.0,0.2,0.0,3.4,4.1,84.4,2.6,2.5,5.1,1.2,1.5,1.2,0.4,2.6,23.3,0,0,5.5,19,26,32,26,6,30.6,14.7,6.1,10.6,57.1,0.0,0.1,0.0,2.6,3.2,79.6,3.2,4.2,7.3,1.8,2.2,1.4,0.5,3.0,27.6,4,0,9.2,41,25,21,9,12,26.1,11.2,4.7,7.7,60.5,0.0,0.0,100,1.8,2.6,69.1,2.8,2.8,5.6,1.0,1.6,1.7,0.7,3.1,22.5,2,0,3.0
DORKA JUHASZ,205145.0,MIN,205145.0,MIN,,,,,,,,,,,,,,,,,,,,,,,,,,,,,,,,,,,,,,,,,,,,,,,,,,,,,,,,,,,,,,,,,,,,,,,,,,,,,,,,,,,,,,,,,,,,,,,,,,,,,,,,,,,,,,,,,,,,,,,,,,,,,,,,,,,,,,,,,,,,,,,,,,
DULCY FANKAM-MENDJIADEU,,,205145.0,SEA,,,,,,,,,,,,,,,,,,,,,,,,,,,,,,,,,,,,,,,,,,,,,,,,,,,,,,,,,,,,,,,,,,,,,,,,,,,,,,,,,,,,,,,,,,,,,,,,,,,,,,,,,,,,,,,,,,,,,,,,,,,,,,,,,,,,,,,,,,,,,,,,,,
BELLA ALARIE,,,205016.0,DAL,205016.0,DAL,205016.0,DAL,205016.0,DAL,,,,,,,,,,,,,,,,,,,,,,,,,,,,,,,,,,,,,,,,,,,,,,,,,,,,,,,,,,,,,,,,,,,,,,,,,,,,,,,,,,,,,123,24,31,14,17,13.1,2.6,1.0,2.1,50.0,0.0,0.1,0.0,0.5,0.6,85.0,1.4,1.9,3.3,0.5,0.6,0.6,0.6,1.4,8.9,0,0,1.5,124,23,22,8,14,14.0,2.7,1.1,3.0,36.4,0.0,0.6,7.7,0.5,0.5,83.3,1.0,1.8,2.9,0.5,0.5,0.6,0.9,1.6,9.1,0,0,-1.2
RUTHY HEBARD,,,205016.0,CHI,205016.0,CHI,205016.0,CHI,205016.0,CHI,,,,,,,,,,,,,,,,,,,,,,,,,,,,,101,26,19,9,10,9.2,3.9,1.6,2.8,58.5,0.0,0.0,0.0,0.7,1.1,65.0,0.9,1.5,2.4,0.4,0.2,0.3,0.4,1.3,8.0,0,0,0.9,134,25,24,17,7,9.7,2.3,1.0,2.0,51.0,0.0,0.0,0.0,0.3,0.3,75.0,0.3,1.4,1.7,0.5,0.5,0.3,0.1,1.2,5.5,0,0,-0.8,88,24,30,14,16,16.8,5.8,2.4,4.6,52.9,0.0,0.1,0.0,0.9,1.1,79.4,1.4,3.0,4.4,0.8,0.6,0.7,0.7,2.0,13.6,3,0,1.5,87,23,22,12,10,14.6,5.7,2.6,3.9,68.2,0.0,0.0,0.0,0.4,0.5,75.0,0.8,3.1,3.9,0.3,0.7,0.5,0.4,1.6,11.5,1,0,1.4
KRISTY WALLACE,199170.0,IND,199170.0,IND,199170.0,ATL,,,,,94,28,26,11,15,17.2,4.7,1.8,4.5,40.2,0.7,2.2,29.3,0.5,0.7,66.7,0.4,1.4,1.8,1.7,0.7,0.7,0.2,1.1,10.8,0,0,-3.2,72,28,37,12,25,19.7,6.6,2.5,6.3,40.1,1.0,2.3,43.5,0.6,0.8,75.0,0.6,1.6,2.2,1.9,1.3,0.6,0.2,1.7,13.5,0,0,-0.4,84,27,29,13,16,20.8,6.6,2.3,5.6,40.7,0.9,2.3,36.8,1.1,1.4,78.6,0.6,1.7,2.3,2.2,1.5,0.6,0.2,2.0,13.5,0,0,-2.3,,,,,,,,,,,,,,,,,,,,,,,,,,,,,,,,,,,,,,,,,,,,,,,,,,,,,,,,
NAZ HILLMON,199170.0,ATL,199170.0,ATL,199170.0,ATL,,,,,80,24,40,15,25,21.7,5.7,2.3,4.1,55.2,0.0,0.1,33.3,1.2,1.6,76.2,1.6,3.2,4.8,1.3,1.0,0.7,0.3,1.4,13.8,1,0,0.1,99,24,40,19,21,13.5,4.1,1.5,2.9,50.9,0.0,0.0,0.0,1.2,1.4,85.2,1.3,2.2,3.4,0.7,1.0,0.2,0.1,1.5,8.8,0,0,-1.2,107,23,34,12,22,19.8,4.4,1.7,3.6,48.0,0.0,0.1,0.0,0.9,1.1,82.1,1.5,3.5,5.1,1.2,1.2,0.6,0.3,1.5,12.6,1,0,-0.8,,,,,,,,,,,,,,,,,,,,,,,,,,,,,,,,,,,,,,,,,,,,,,,,,,,,,,,,
OLIVIA NELSON-ODODA,199170.0,CON,199170.0,CON,199170.0,LA,,,,,111,24,37,26,11,11.8,3.4,1.3,2.7,49.5,0.0,0.0,0.0,0.7,1.1,65.9,0.8,1.7,2.5,0.2,0.8,0.4,0.6,1.7,8.0,0,0,1.1,95,23,39,27,12,15.0,4.5,1.7,3.1,53.7,0.0,0.0,0.0,1.2,1.7,70.8,1.3,2.4,3.7,0.6,0.8,0.5,0.8,2.2,11.5,3,0,-0.1,112,22,30,10,20,14.5,4.0,1.6,2.8,56.0,0.0,0.0,0.0,0.9,1.2,70.3,1.1,1.8,3.0,0.4,1.0,0.3,0.8,2.6,9.5,0,0,-5.6,,,,,,,,,,,,,,,,,,,,,,,,,,,,,,,,,,,,,,,,,,,,,,,,,,,,,,,,
TYASHA HARRIS,197113.0,CON,197113.0,CON,205016.0,DAL,205016.0,DAL,205016.0,DAL,44,26,39,27,12,28.8,10.5,3.7,8.7,42.5,1.5,3.9,39.5,1.5,2.0,76.6,0.3,1.5,1.8,3.0,1.4,1.0,0.3,1.7,19.5,0,0,4.6,82,26,40,27,13,16.7,5.8,2.2,5.2,41.6,1.0,2.1,46.4,0.4,0.6,68.0,0.1,0.7,0.9,1.7,1.0,0.7,0.1,1.1,10.9,0,0,0.6,102,25,35,17,18,15.8,5.0,2.0,4.7,41.8,0.5,1.5,31.5,0.5,0.7,79.2,0.2,0.7,0.9,2.8,1.1,0.4,0.1,1.0,10.2,1,0,0.4,105,24,32,14,18,16.3,4.4,1.5,4.5,33.6,0.6,1.8,33.9,0.8,0.9,83.3,0.3,1.3,1.6,2.7,1.0,0.4,0.3,1.3,10.7,0,0,-0.7,73,23,21,7,14,19.6,6.8,2.6,6.0,43.3,0.9,2.7,33.9,0.7,1.0,63.6,0.0,1.2,1.2,2.8,0.9,0.9,0.1,1.7,13.7,0,0,-2.7
DORKA JUHÁSZL,,,196378.0,NY,196378.0,NY,196378.0,NY,196378.0,NY,,,,,,,,,,,,,,,,,,,,,,,,,,,,,,,,,,,,,,,,,,,,,,,,,,,,,,,,,,,,,,,,,,,,,,,,,,,,,,,,,,,,,,,,,,,,,,,,,,,,,,,,,,,,,,,,,,,,,,,,,,,,,,,,,,,,,,,,,,,,
DANA EVANS,193370.0,CHI,193370.0,CHI,193370.0,CHI,193370.0,CHI,,,69,26,39,12,27,19.1,7.2,2.4,6.5,37.7,1.1,2.8,37.6,1.2,1.3,96.0,0.1,1.0,1.1,2.4,1.4,0.7,0.1,1.2,13.3,0,0,-6.1,51,25,39,17,22,21.5,9.0,3.0,8.3,36.0,1.1,3.7,29.4,1.9,2.3,85.4,0.2,1.0,1.2,3.0,1.6,0.7,0.1,1.2,15.9,0,0,-0.9,111,24,33,24,9,11.5,4.3,1.5,3.9,37.7,0.7,2.0,32.8,0.7,0.8,88.0,0.2,0.7,0.8,1.2,0.8,0.3,0.1,0.9,7.8,0,0,-1.0,116,23,29,14,15,7.6,3.3,0.9,2.7,34.2,0.6,1.6,40.0,0.8,0.9,88.5,0.0,0.3,0.4,1.0,0.6,0.2,0.0,0.7,5.7,0,0,0.0,,,,,,,,,,,,,,,,,,,,,,,,,,,,
DIJONAI CARRINGTON,193370.0,CON,193370.0,CON,193370.0,CON,193370.0,CON,,,32,26,39,27,12,29.6,12.7,4.4,11.0,40.3,0.7,2.7,25.0,3.2,4.0,79.0,1.4,3.7,5.0,1.6,1.9,1.6,0.4,2.6,24.0,2,0,3.0,57,26,32,21,11,17.2,8.3,2.9,7.0,41.7,0.7,1.9,37.1,1.8,2.3,75.7,0.8,2.0,2.9,1.3,1.1,0.6,0.1,2.1,14.6,0,0,3.2,80,25,36,25,11,17.5,6.8,2.3,5.6,41.4,0.5,1.7,30.6,1.6,2.1,75.0,1.1,2.1,3.1,1.1,1.6,0.8,0.1,1.9,13.3,0,0,2.7,120,24,24,20,4,9.2,2.8,1.1,3.4,32.9,0.1,0.9,14.3,0.5,0.6,73.3,0.6,1.3,2.0,0.5,0.9,0.5,0.1,1.5,6.8,0,0,0.5,,,,,,,,,,,,,,,,,,,,,,,,,,,,
SHATORI WALKER-KIMBROUGH,192850.0,WAS,192850.0,WAS,72141.0,WAS,,,210623.0,PHX,65,29,40,14,26,22.1,7.5,2.6,6.3,41.5,0.9,2.7,33.0,1.4,1.7,80.6,0.3,1.4,1.7,1.9,1.4,1.1,0.5,1.0,15.0,0,0,-1.9,75,29,40,19,21,24.8,6.3,2.2,5.1,42.9,0.8,2.1,39.0,1.1,1.2,93.6,0.2,1.9,2.1,1.7,0.7,0.7,0.4,1.2,12.9,0,0,-3.0,77,28,35,21,14,20.1,6.9,2.3,5.7,40.2,0.7,2.1,34.7,1.6,1.7,90.2,0.3,1.5,1.8,1.5,1.1,1.1,0.3,1.2,13.7,0,0,2.8,74,27,17,5,12,20.6,6.9,2.4,4.6,51.3,0.5,1.5,32.0,1.8,2.1,85.7,0.2,1.2,1.4,0.9,1.2,0.8,0.3,1.6,11.9,0,0,-1.5,65,26,21,12,9,19.0,7.3,2.6,6.0,42.9,1.0,2.4,43.1,1.1,1.2,92.0,0.3,1.3,1.6,1.5,1.0,1.1,0.4,1.1,14.4,0,0,1.8
KADI SISSOKO,,,192527.0,PHX,,,,,,,,,,,,,,,,,,,,,,,,,,,,,,,,,,,141,25,40,9,31,8.4,1.5,0.6,1.6,37.1,0.1,0.5,16.7,0.3,0.4,62.5,0.4,1.1,1.6,0.2,0.7,0.1,0.1,1.1,3.7,0,0,-1.0,,,,,,,,,,,,,,,,,,,,,,,,,,,,,,,,,,,,,,,,,,,,,,,,,,,,,,,,,,,,,,,,,,,,,,,,,,,,,,,,,,,,
SIKA KONÉ,192527.0,WAS,192527.0,CHI,,,,,,,102,22,27,19,8,8.0,4.0,1.3,3.1,42.9,0.1,0.3,57.1,1.1,1.3,86.1,0.5,1.5,2.0,0.4,0.5,0.2,0.1,0.9,7.2,0,0,1.0,111,21,20,10,10,9.3,3.6,1.3,2.4,53.2,0.1,0.3,33.3,1.0,1.3,76.9,1.1,1.9,3.0,0.5,1.1,0.2,0.1,1.7,7.6,0,0,-1.1,,,,,,,,,,,,,,,,,,,,,,,,,,,,,,,,,,,,,,,,,,,,,,,,,,,,,,,,,,,,,,,,,,,,,,,,,,,,,,,,,,,,
VICTARIA SAXTON,192527.0,IND,192527.0,IND,,,,,,,148,25,9,3,6,2.5,0.9,0.3,1.0,33.3,0.1,0.4,25.0,0.1,0.2,50.0,0.0,0.3,0.3,0.0,0.1,0.0,0.0,0.4,1.3,0,0,-1.0,145,24,15,4,11,3.6,1.3,0.4,1.2,33.3,0.1,0.1,50.0,0.4,0.5,85.7,0.1,0.5,0.7,0.0,0.4,0.1,0.0,0.6,2.1,0,0,-0.5,,,,,,,,,,,,,,,,,,,,,,,,,,,,,,,,,,,,,,,,,,,,,,,,,,,,,,,,,,,,,,,,,,,,,,,,,,,,,,,,,,,,
JULIE ALLEMAND,170000.0,LA,187819.0,CHI,187819.0,CHI,187819.0,IND,187819.0,IND,,,,,,,,,,,,,,,,,,,,,,,,,,,,,,,,,,,,,,,,,,,,,,,,,,,,,,,,,127,26,25,19,6,16.1,3.0,1.0,2.4,41.7,0.4,1.2,29.0,0.6,0.7,83.3,0.4,1.2,1.6,3.4,1.3,0.6,0.1,0.9,9.6,0,0,0.0,,,,,,,,,,,,,,,,,,,,,,,,,,,,,56,24,22,6,16,32.6,8.5,2.8,6.0,45.9,2.0,4.2,47.8,1.0,1.4,73.3,0.4,4.2,4.5,5.8,2.6,1.1,0.4,2.6,24.0,0,0,-8.0
LI YUERU,186920.0,LA,186920.0,CHI,186920.0,CHI,,,,,88,25,38,7,31,14.4,5.1,1.8,3.9,46.3,0.1,0.4,26.7,1.4,1.6,89.8,1.4,2.2,3.7,0.6,0.9,0.3,0.2,2.1,10.6,1,0,-2.4,,,,,,,,,,,,,,,,,,,,,,,,,,,,,147,24,16,13,3,5.1,1.8,0.5,1.1,44.4,0.0,0.0,0.0,0.8,0.8,100,0.3,1.2,1.5,0.1,0.8,0.1,0.1,0.6,3.9,0,0,-1.3,,,,,,,,,,,,,,,,,,,,,,,,,,,,,,,,,,,,,,,,,,,,,,,,,,,,,,,,
ILIANA RUPERT,179452.0,ATL,179452.0,ATL,179452.0,LV,,,,,,,,,,,,,,,,,,,,,,,,,,,,,,,,,136,22,20,7,13,7.9,1.8,0.6,1.7,35.3,0.3,1.1,27.3,0.3,0.4,62.5,0.4,1.6,2.0,0.5,0.5,0.4,0.4,1.1,5.9,0,0,-0.8,117,21,17,12,5,13.1,3.8,1.5,3.2,46.3,0.8,2.2,36.8,0.1,0.2,33.3,0.6,1.6,2.3,0.9,0.5,0.4,0.0,2.1,8.6,0,0,-2.8,,,,,,,,,,,,,,,,,,,,,,,,,,,,,,,,,,,,,,,,,,,,,,,,,,,,,,,,
BREANNA STEWART,205000.0,NY,175000.0,NY,228094.0,SEA,375500.0,SEA,375500.0,SEA,4,30,38,30,8,32.7,20.4,7.0,15.2,45.8,1.2,4.1,29.5,5.3,6.3,84.5,1.6,6.9,8.5,3.5,1.7,1.7,1.3,2.1,39.6,16,0,7.9,2,29,40,32,8,34.1,23.0,7.9,17.0,46.5,2.1,5.8,35.5,5.1,6.0,85.1,1.6,7.7,9.3,3.8,1.5,1.5,1.6,1.9,44.1,20,0,8.9,1,28,34,22,12,30.9,21.8,7.5,15.9,47.2,2.0,5.2,37.9,4.8,5.8,83.7,1.4,6.2,7.6,2.9,1.3,1.6,0.9,2.1,39.2,6,0,6.7,3,27,28,20,8,33.3,20.3,6.9,15.8,43.9,1.7,5.1,33.3,4.8,5.6,84.7,1.2,8.3,9.5,2.7,1.7,1.2,1.8,1.8,40.1,13,0,7.5,4,26,20,17,3,30.4,19.7,6.7,14.8,45.1,1.8,4.8,36.8,4.7,5.2,89.4,1.0,7.3,8.3,3.6,2.5,1.7,1.3,2.3,39.2,5,0,10.1
NNEKA OGWUMIKE,204500.0,SEA,169500.0,LA,386817.0,LA,386817.0,LA,456000.0,LA,17,34,37,23,14,31.8,16.7,6.8,13.3,51.1,0.8,2.0,40.5,2.3,2.6,87.6,1.9,5.7,7.6,2.3,1.3,1.9,0.5,2.3,32.2,8,0,6.0,6,33,36,16,20,31.1,19.1,7.3,14.3,51.2,0.6,1.7,33.9,3.9,4.5,87.0,1.7,7.1,8.8,2.7,2.2,1.7,0.7,2.6,36.0,16,0,1.0,7,32,34,13,21,31.4,18.1,7.3,13.5,54.4,0.6,1.7,36.8,2.8,3.4,82.6,1.4,5.2,6.6,2.0,1.8,1.7,0.4,2.4,31.5,6,0,-3.7,21,31,18,8,10,31.7,14.5,6.1,11.4,53.2,0.6,1.7,36.7,1.8,2.2,80.0,1.4,5.1,6.5,2.7,2.2,1.4,0.3,1.8,27.7,3,0,-3.4,30,30,18,14,4,26.2,13.3,5.3,9.3,56.9,0.5,1.0,50.0,2.3,2.7,83.7,1.2,3.7,4.8,1.7,1.6,1.1,0.2,2.3,22.8,0,0,3.7
BRITTNEY GRINER,150000.0,PHX,165100.0,PHX,664544.0,PHX,664544.0,PHX,664544.0,PHX,12,34,30,15,15,28.7,17.8,7.3,12.6,57.9,0.3,0.6,50.0,2.9,3.7,77.7,1.8,4.8,6.6,2.3,1.8,0.5,1.5,1.9,31.1,2,0,0.1,12,33,31,8,23,27.6,17.5,7.1,12.6,56.0,0.0,0.3,11.1,3.4,4.4,77.2,1.2,5.1,6.3,2.2,2.1,0.5,1.6,2.1,30.3,7,0,-3.9,,,,,,,,,,,,,,,,,,,,,,,,,,,,,2,31,30,17,13,32.8,20.5,8.3,14.4,57.5,0.1,0.3,44.4,3.8,4.5,84.6,2.4,7.1,9.5,2.7,2.2,0.4,1.9,2.4,37.4,16,0,3.3,9,30,12,6,6,31.8,17.7,7.3,14.6,49.7,0.0,0.1,0.0,3.2,3.9,80.9,1.5,6.0,7.5,3.0,2.5,0.3,1.8,2.5,32.5,1,0,2.3
TIFFANY HAYES,88000.0,LV,162477.0,CON,215000.0,ATL,465560.0,ATL,465560.0,ATL,52,35,33,22,11,21.4,9.5,3.3,6.7,50.0,1.0,2.5,40.2,1.8,2.5,71.4,0.8,2.0,2.8,2.1,0.8,0.8,0.3,2.1,17.4,1,0,2.8,35,34,40,27,13,27.0,12.1,4.2,8.8,47.6,1.2,3.3,36.6,2.5,3.2,77.8,1.0,2.1,3.0,2.6,1.4,0.9,0.1,2.9,20.7,0,0,2.7,13,33,11,4,7,27.5,16.2,6.0,11.0,54.5,1.6,3.8,42.9,2.5,3.7,68.3,0.3,3.4,3.6,2.1,2.0,0.7,0.1,3.0,25.2,0,0,-4.4,20,32,21,7,14,28.3,14.7,5.0,11.4,43.8,1.6,4.0,40.5,3.0,3.6,85.3,0.7,2.5,3.2,3.0,1.5,1.6,0.2,3.1,26.0,0,0,-2.0,,,,,,,,,,,,,,,,,,,,,,,,,,,,
COURTNEY WILLIAMS,355000.0,MIN,160000.0,CHI,103000.0,CON,375500.0,ATL,375500.0,ATL,40,30,40,30,10,26.5,11.1,4.9,11.0,44.3,0.6,1.7,33.3,0.9,1.1,81.0,0.4,4.3,4.7,5.5,2.5,0.9,0.4,1.9,24.5,3,0,6.6,44,30,40,18,22,30.1,10.4,4.4,10.1,43.7,1.2,2.7,44.3,0.4,0.6,60.0,1.0,5.1,6.0,6.3,2.5,1.0,0.3,1.6,26.3,6,2,-2.2,41,29,34,24,10,28.0,11.1,4.9,11.4,42.6,0.6,1.9,33.8,0.8,1.1,75.0,0.9,3.7,4.6,3.3,1.7,1.0,0.4,1.6,22.4,1,0,6.0,11,28,32,8,24,34.4,16.5,7.1,17.1,41.8,1.2,3.2,38.2,1.1,1.7,64.2,1.4,5.4,6.8,4.0,1.8,1.1,0.5,1.7,31.8,7,0,-3.4,23,27,20,6,14,30.5,14.6,6.7,15.4,43.6,0.4,1.7,23.5,0.8,1.2,69.6,1.9,5.3,7.2,3.2,2.7,0.7,0.1,2.0,26.8,4,0,-5.4
CRYSTAL DANGERFIELD,76529.0,LA,160000.0,DAL,25745.0,NY,187738.0,MIN,187738.0,MIN,114,26,33,8,25,13.3,3.2,1.1,4.0,28.2,0.5,1.9,27.4,0.5,0.5,88.2,0.1,1.0,1.0,1.9,0.8,0.3,0.2,0.8,7.7,0,0,-3.4,58,26,35,19,16,27.8,8.2,3.4,8.0,42.5,0.8,2.7,29.0,0.6,0.8,81.5,0.8,2.1,2.9,3.1,1.2,0.9,0.2,1.3,17.2,0,0,2.7,94,25,33,16,17,21.5,5.5,2.0,5.0,39.8,0.7,2.2,32.4,0.8,1.0,73.5,0.4,1.6,2.0,2.6,0.9,0.5,0.1,1.3,12.1,0,0,0.2,64,24,31,21,10,20.1,7.7,2.8,7.2,38.8,0.9,2.5,35.9,1.2,1.4,85.7,0.3,1.7,2.0,2.8,1.4,0.7,0.1,1.9,14.9,0,0,-0.5,14,23,21,13,8,30.0,16.2,5.9,12.5,47.1,1.6,4.9,33.3,2.8,3.0,92.2,0.2,1.7,2.0,3.6,2.5,0.9,0.0,1.5,25.2,0,0,3.0
LEXIE BROWN,158340.0,LA,158340.0,LA,72141.0,LA,47185.0,CHI,191720.0,MIN,60,30,16,4,12,23.7,8.1,2.6,8.2,32.1,1.3,4.3,30.4,1.5,1.7,88.9,0.1,2.3,2.3,3.3,1.9,1.1,0.1,1.4,17.4,0,0,-2.5,33,29,12,6,6,30.3,12.4,4.5,9.3,48.6,2.3,5.4,41.5,1.2,1.3,87.5,0.2,1.9,2.1,2.4,1.3,0.9,0.3,1.2,21.5,0,0,0.3,73,28,34,13,21,25.0,7.1,2.7,6.2,44.1,1.6,3.9,39.8,0.1,0.2,66.7,0.2,2.1,2.3,2.1,0.8,1.0,0.2,1.3,15.5,0,0,-3.6,139,27,17,10,7,9.5,1.6,0.6,2.2,26.3,0.5,1.9,24.2,0.0,0.0,0.0,0.0,0.7,0.7,1.1,0.5,0.4,0.0,0.6,4.8,0,0,-0.1,76,26,17,11,6,22.0,6.4,2.2,6.5,34.2,0.8,3.1,26.9,1.1,1.4,79.2,0.2,1.8,1.9,2.4,1.4,1.8,0.0,1.5,15.2,0,0,2.4
NYARA SABALLY,152726.0,NY,152726.0,NY,,,,,,,90,24,26,20,6,13.5,4.9,1.9,3.3,57.5,0.0,0.1,0.0,1.1,1.5,70.0,1.3,2.7,4.0,0.6,0.5,0.9,0.7,1.6,12.8,1,0,2.8,123,24,33,27,6,7.9,2.3,0.8,1.8,42.4,0.1,0.3,22.2,0.7,1.0,75.0,0.6,1.5,2.1,0.2,0.5,0.1,0.2,1.2,5.4,0,0,0.1,,,,,,,,,,,,,,,,,,,,,,,,,,,,,,,,,,,,,,,,,,,,,,,,,,,,,,,,,,,,,,,,,,,,,,,,,,,,,,,,,,,,
MONIQUE BILLINGS,76535.0,PHX,145000.0,ATL,140000.0,ATL,184614.0,ATL,184614.0,ATL,66,28,37,10,27,22.8,7.4,2.9,6.2,46.5,0.1,0.4,21.4,1.5,1.9,80.3,1.8,4.0,5.8,1.4,1.8,0.7,0.5,2.3,17.2,5,0,-4.7,92,28,39,19,20,16.7,4.8,1.7,4.3,40.7,0.0,0.1,0.0,1.3,1.6,83.6,1.4,3.6,5.0,0.8,1.0,0.4,0.3,1.9,12.0,2,0,-1.0,87,27,23,9,14,17.4,6.5,2.4,5.1,47.0,0.0,0.0,0.0,1.7,2.2,76.5,2.0,4.4,6.3,1.1,1.3,0.8,0.3,2.3,16.3,0,0,-0.4,62,26,31,8,23,23.9,8.1,3.2,6.5,49.5,0.0,0.1,0.0,1.7,2.5,67.5,2.8,3.6,6.5,1.0,1.4,1.2,1.0,2.5,20.1,4,0,-2.8,58,25,22,7,15,27.1,8.5,3.1,7.7,40.0,0.0,0.0,0.0,2.3,3.0,76.1,2.6,5.9,8.5,1.2,1.9,1.1,0.8,2.8,22.0,4,0,-3.5
NIA COFFEY,300000.0,ATL,135000.0,ATL,130000.0,ATL,70040.0,LA,,,113,29,40,15,25,13.3,3.3,1.2,3.7,32.4,0.5,1.7,27.3,0.4,0.5,76.2,0.5,1.9,2.4,1.2,1.0,0.3,0.7,1.2,9.1,0,0,-3.1,70,29,31,15,16,21.9,6.9,2.7,6.2,43.2,1.1,2.6,40.2,0.5,0.8,62.5,0.5,4.4,4.8,1.5,1.4,0.5,1.2,2.2,17.8,3,0,0.7,88,28,16,7,9,21.0,6.4,2.2,6.3,34.7,0.6,1.9,29.0,1.4,1.9,74.2,0.4,4.8,5.2,0.8,2.2,0.6,0.1,2.2,14.4,2,0,-4.9,61,27,32,12,20,25.2,8.3,2.9,6.9,42.1,1.6,3.8,41.7,0.9,1.1,77.8,0.6,3.3,3.8,0.9,1.4,0.8,1.2,2.7,18.4,0,0,-3.6,126,26,15,7,8,15.3,2.7,1.1,2.5,42.1,0.5,1.4,33.3,0.1,0.4,16.7,0.3,2.1,2.5,0.8,0.5,0.3,0.3,2.0,7.7,0,0,0.2
ASTOU NDOUR,125000.0,CON,115000.0,CHI,,,70040.0,CHI,571816.0,DAL,,,,,,,,,,,,,,,,,,,,,,,,,,,,,,,,,,,,,,,,,,,,,,,,,,,,,,,,,,,,,,,,,,,,,,,,,,,,,,,,,,,,,,,,,,,,,,,,,,,,,,,,,,,,,,,,,,,,,,,,,,,,,,,,,,,,,,,,,,,,
ALANNA SMITH,300000.0,MIN,100000.0,CHI,,,219235.0,PHX,219235.0,PHX,46,28,39,29,10,26.5,10.1,3.8,8.0,47.1,1.2,3.0,39.8,1.4,1.8,75.0,1.6,4.1,5.6,3.2,1.9,1.4,1.5,3.1,25.8,2,0,6.2,49,27,38,17,21,26.5,9.2,3.5,7.0,49.8,0.8,2.7,29.4,1.4,2.1,67.9,1.8,4.7,6.6,1.8,1.5,1.3,1.3,3.1,23.5,2,0,0.3,108,26,9,2,7,12.8,4.3,1.6,4.7,33.3,0.7,2.8,24.0,0.6,0.8,71.4,0.9,1.8,2.7,0.6,0.9,0.9,0.7,1.9,11.3,0,0,-4.0,143,25,18,13,5,6.5,1.2,0.4,1.9,23.5,0.2,1.2,19.0,0.1,0.2,25.0,0.3,1.1,1.3,0.6,0.3,0.4,0.3,0.6,4.7,0,0,-0.3,81,24,19,12,7,15.6,6.1,2.3,5.4,42.2,0.5,2.3,23.3,1.1,1.5,69.0,1.1,2.5,3.6,1.2,0.9,0.3,0.8,2.5,13.6,0,0,3.9
CANDACE PARKER,,,100000.0,LV,385000.0,CHI,385000.0,CHI,577500.0,LA,,,,,,,,,,,,,,,,,,,,,,,,,,,,,50,38,18,16,2,23.6,9.0,3.3,7.2,46.5,0.9,2.8,33.3,1.4,1.6,89.3,0.9,4.5,5.4,3.7,1.7,1.5,0.9,1.9,23.8,0,0,12.3,30,37,32,23,9,28.2,13.2,5.0,10.8,45.8,1.3,4.2,31.1,1.9,2.4,81.6,0.9,7.7,8.6,4.5,2.4,1.0,1.0,2.2,31.5,12,2,5.6,29,36,23,15,8,26.8,13.3,5.0,11.0,45.8,1.0,3.2,32.9,2.2,2.7,79.4,1.4,7.0,8.4,4.0,2.4,0.7,1.2,1.6,30.5,8,0,2.1,21,35,22,15,7,30.0,14.7,5.6,11.0,51.0,0.9,2.2,39.6,2.6,3.5,73.1,1.7,8.0,9.7,4.6,2.9,1.2,1.2,2.3,34.7,10,0,4.7
GABBY WILLIAMS,76535.0,SEA,100000.0,SEA,144000.0,SEA,,,232178.0,CHI,45,28,12,7,5,29.2,10.3,4.2,8.7,48.1,0.8,2.6,32.3,1.2,1.6,73.7,0.8,3.3,4.0,3.7,1.4,1.7,0.3,1.8,22.7,0,0,1.8,56,27,10,3,7,28.5,8.4,3.4,9.4,36.2,0.5,2.3,21.7,1.1,1.3,84.6,1.4,2.2,3.6,3.8,2.2,1.5,0.4,1.9,20.1,0,0,-4.1,69,26,36,22,14,25.6,7.5,3.0,6.8,44.4,0.5,1.9,25.7,1.0,1.3,77.8,1.2,3.8,5.0,3.1,1.4,1.5,0.4,1.6,19.8,0,0,5.0,,,,,,,,,,,,,,,,,,,,,,,,,,,,,62,24,22,12,10,24.8,7.7,3.0,7.2,42.4,0.9,3.2,28.6,0.7,1.1,64.0,0.9,3.1,4.0,2.0,1.7,1.3,0.2,1.5,17.7,0,0,-0.5
REBEKAH GARDNER,,,100000.0,CHI,60471.0,CHI,,,,,,,,,,,,,,,,,,,,,,,,,,,,,,,,,68,33,3,2,1,19.8,7.0,2.0,4.7,42.9,1.0,1.7,60.0,2.0,2.0,100,0.3,3.3,3.7,2.3,1.7,2.0,0.3,2.7,18.7,0,0,5.7,61,32,35,26,9,21.7,8.4,3.3,6.1,54.2,0.4,1.2,35.7,1.4,1.7,80.0,1.3,2.0,3.3,1.3,1.6,1.4,0.5,2.3,17.3,1,0,0.5,,,,,,,,,,,,,,,,,,,,,,,,,,,,,,,,,,,,,,,,,,,,,,,,,,,,,,,,
BRIDGET CARLETON,250000.0,MIN,91000.0,MIN,72141.0,MIN,58170.0,MIN,,,50,27,39,29,10,29.9,9.6,3.2,7.3,44.4,2.3,5.3,44.4,0.8,1.0,78.9,0.9,2.8,3.8,2.2,1.0,1.0,0.3,2.1,20.5,0,0,6.1,114,27,38,18,20,15.1,3.2,1.1,3.1,34.5,0.8,2.3,33.7,0.3,0.4,73.3,0.5,1.8,2.3,0.9,0.4,0.3,0.1,1.3,8.1,0,0,-1.4,109,26,36,14,22,16.8,4.3,1.5,3.8,40.0,0.8,2.3,34.9,0.5,0.7,73.1,0.3,1.8,2.1,1.1,0.6,0.4,0.1,1.6,9.6,0,0,1.6,101,25,32,22,10,19.3,4.8,1.7,4.3,40.1,0.8,2.3,36.5,0.5,0.6,80.0,0.7,1.6,2.3,1.5,0.8,0.8,0.2,1.5,11.3,0,0,0.4,74,24,22,14,8,25.8,6.6,2.4,4.6,52.0,1.0,2.1,45.7,0.8,1.3,64.3,1.0,2.5,3.5,2.5,1.2,0.7,0.0,1.8,14.9,0,0,2.9
CHINEY OGWUMIKE,,,90000.0,LA,229390.0,LA,229390.0,LA,466000.0,LA,,,,,,,,,,,,,,,,,,,,,,,,,,,,,55,32,10,5,5,21.2,8.4,3.4,7.9,43.0,0.1,1.3,7.7,1.5,2.1,71.4,1.4,2.9,4.3,1.3,1.2,1.3,0.3,3.7,17.3,0,0,-4.4,74,31,26,12,14,18.4,7.0,2.7,5.7,46.6,0.3,0.7,44.4,1.4,2.0,70.6,2.0,3.5,5.5,1.1,1.4,0.7,0.3,2.7,16.0,4,0,-0.6,71,30,7,2,5,19.2,7.0,2.9,7.0,40.8,0.4,0.6,75.0,0.9,1.1,75.0,1.6,2.6,4.1,1.1,0.9,0.9,0.4,3.3,15.3,0,0,2.0,,,,,,,,,,,,,,,,,,,,,,,,,,,,
NINA MILIC,,,90000.0,MIN,,,,,,,,,,,,,,,,,,,,,,,,,,,,,,,,,,,,,,,,,,,,,,,,,,,,,,,,,,,,,,,,,,,,,,,,,,,,,,,,,,,,,,,,,,,,,,,,,,,,,,,,,,,,,,,,,,,,,,,,,,,,,,,,,,,,,,,,,,,,,,,,,,
ASTOU NDOUR-FALL,203000.0,LV,81000.0,LV,115000.0,LV,35200.0,LV,143265.0,NY,141,30,22,19,3,4.2,1.1,0.4,1.2,34.6,0.1,0.5,20.0,0.2,0.3,83.3,0.1,0.7,0.8,0.0,0.1,0.0,0.2,0.5,2.5,0,0,-1.7,,,,,,,,,,,,,,,,,,,,,,,,,,,,,,,,,,,,,,,,,,,,,,,,,,,,,,,,,77,27,20,7,13,17.1,6.6,2.3,5.8,39.7,0.4,1.7,23.5,1.6,1.7,94.1,1.6,3.2,4.8,0.4,0.9,0.4,0.8,2.2,14.5,1,0,-3.0,112,26,13,4,9,11.6,3.5,1.5,4.4,35.1,0.5,1.9,24.0,0.0,0.0,0.0,1.0,1.9,2.9,0.5,0.5,0.2,0.5,2.2,8.8,0,0,-6.0
EMMA CANNON,,,80000.0,IND,162400.0,IND,9270.0,IND,4560.0,LV,152,35,5,3,2,1.8,0.8,0.4,0.6,66.7,0.0,0.2,0.0,0.0,0.0,0.0,0.0,0.4,0.4,0.2,0.2,0.0,0.0,0.0,1.4,0,0,0.6,81,35,30,9,21,10.5,5.8,2.0,4.5,45.5,0.4,1.1,38.2,1.3,1.5,90.9,0.8,2.3,3.1,0.5,1.1,0.1,0.1,1.4,10.3,0,0,-1.2,79,34,24,2,22,14.0,6.8,2.5,4.8,52.6,0.4,0.8,50.0,1.5,2.0,72.9,0.9,2.2,3.1,0.5,0.7,0.6,0.1,2.0,12.2,0,0,-4.4,94,33,20,7,13,14.7,5.5,2.3,5.1,44.6,0.4,1.2,29.2,0.7,0.9,72.2,1.3,2.5,3.7,0.9,1.6,0.3,0.2,2.1,11.3,0,0,-3.0,143,32,1,1,0,0.4,0.0,0.0,0.0,0.0,0.0,0.0,0.0,0.0,0.0,0.0,0.0,0.0,0.0,0.0,0.0,0.0,0.0,0.0,0.0,0,0,0.0
KRISTI TOLIVER,,,75000.0,WAS,571817.0,LA,571817.0,LA,571817.0,LA,,,,,,,,,,,,,,,,,,,,,,,,,,,,,109,37,11,6,5,9.0,3.6,1.2,3.5,33.3,0.9,2.5,35.7,0.4,0.5,80.0,0.1,0.6,0.7,0.7,0.6,0.3,0.0,0.8,6.5,0,0,-2.5,92,36,11,4,7,19.8,5.9,1.7,4.6,37.3,1.2,3.3,36.1,1.3,1.5,87.5,0.0,0.7,0.7,3.1,2.3,0.4,0.0,1.3,11.6,0,0,-5.0,53,35,19,10,9,27.6,9.4,3.5,8.5,41.4,1.5,4.4,33.7,0.8,1.0,84.2,0.4,1.0,1.4,2.9,1.7,0.7,0.0,1.9,16.6,0,0,-3.3,,,,,,,,,,,,,,,,,,,,,,,,,,,,
AMANDA ZAHUI B,,,74305.0,IND,274000.0,LA,274000.0,LA,218000.0,NY,,,,,,,,,,,,,,,,,,,,,,,,,,,,,137,30,34,14,20,7.4,1.7,0.5,2.1,25.7,0.2,1.1,16.2,0.4,0.6,75.0,0.2,0.9,1.1,0.3,0.4,0.2,0.5,1.3,4.7,0,0,-1.6,,,,,,,,,,,,,,,,,,,,,,,,,,,,,54,28,30,12,18,23.8,9.2,3.5,8.3,42.7,1.0,3.6,28.0,1.1,1.4,76.7,0.8,4.3,5.1,1.0,1.8,0.6,1.2,3.3,19.9,2,0,-1.6,55,27,21,2,19,25.3,9.0,3.1,8.8,35.3,1.6,4.8,34.0,1.2,1.7,69.4,0.7,7.8,8.5,1.9,2.6,0.9,1.2,3.1,25.3,3,0,-6.7
ASIA DURR,,,74305.0,ATL,237363.0,ATL,237363.0,NY,237363.0,NY,,,,,,,,,,,,,,,,,,,,,,,,,,,,,,,,,,,,,,,,,,,,,,,,,,,,,,,,,,,,,,,,,,,,,,,,,,,,,,,,,,,,,,,,,,,,,,,,,,,,,,,,,,,,,,,,,,,,,,,,,,,,,,,,,,,,,,,,,,,,
CAYLA GEORGE,,,74305.0,LV,,,,,,,,,,,,,,,,,,,,,,,,,,,,,,,,,,,122,35,32,27,5,8.5,2.3,0.9,3.3,28.8,0.5,2.0,23.4,0.0,0.1,0.0,0.5,1.3,1.8,0.4,0.8,0.3,0.2,1.1,6.0,0,0,-1.3,,,,,,,,,,,,,,,,,,,,,,,,,,,,,,,,,,,,,,,,,,,,,,,,,,,,,,,,,,,,,,,,,,,,,,,,,,,,,,,,,,,,
JORDIN CANADA,375000.0,ATL,74305.0,LA,98000.0,LA,214836.0,SEA,214836.0,SEA,42,29,20,9,11,31.2,10.6,3.5,8.9,39.0,0.8,2.9,28.1,2.9,3.7,78.1,0.6,2.9,3.5,5.8,2.1,1.6,0.3,2.6,24.3,1,0,1.1,30,28,38,17,21,32.6,13.3,4.3,10.6,40.4,1.1,3.2,33.3,3.6,4.2,87.3,0.2,2.8,3.1,6.0,2.7,2.3,0.2,2.3,28.4,1,0,0.8,54,27,32,10,22,27.0,9.2,3.3,8.5,38.4,0.2,1.6,14.0,2.5,3.1,80.6,0.2,2.1,2.3,5.5,2.3,1.4,0.2,1.8,20.3,1,0,-3.9,87,26,29,19,10,18.7,5.8,1.9,5.0,38.9,0.1,0.5,21.4,1.8,2.2,84.1,0.6,1.8,2.3,3.0,1.1,0.7,0.1,1.0,13.0,0,0,0.6,60,25,20,16,4,24.2,7.9,2.8,6.6,42.4,0.1,0.6,9.1,2.2,2.9,77.2,0.5,1.8,2.3,5.5,2.0,1.5,0.0,1.8,18.7,0,0,5.3
KALANI BROWN,386250.0,DAL,74305.0,DAL,,,,,219235.0,ATL,81,27,39,9,30,13.2,5.7,2.4,4.1,58.2,0.0,0.1,0.0,1.0,1.5,66.1,1.1,1.9,3.1,1.1,1.2,0.2,0.6,1.6,11.3,0,0,-2.5,64,27,32,17,15,16.4,7.8,2.8,4.5,62.9,0.0,0.0,0.0,2.2,2.7,80.2,1.7,2.8,4.5,1.0,1.3,0.2,0.7,2.0,15.1,3,0,-2.3,,,,,,,,,,,,,,,,,,,,,,,,,,,,,133,25,1,1,0,4.7,2.0,1.0,3.0,33.3,0.0,0.0,0.0,0.0,0.0,0.0,0.0,1.0,1.0,0.0,0.0,0.0,0.0,0.0,3.0,0,0,-4.0,118,24,10,3,7,6.1,3.0,1.2,2.3,52.2,0.0,0.0,0.0,0.6,1.0,60.0,0.3,0.9,1.2,0.0,0.5,0.1,0.1,1.0,4.6,0,0,-1.8
LAYSHIA CLARENDON,200000.0,LA,74305.0,LA,,,33914.0,MIN,240000.0,NY,99,33,21,5,16,15.9,4.3,1.5,3.6,42.7,0.3,1.0,35.0,1.0,1.1,87.0,0.3,1.5,1.8,2.6,1.2,0.7,0.0,2.1,10.6,1,1,-2.2,40,33,24,14,10,28.6,11.1,4.0,8.0,49.7,0.9,1.9,45.7,2.3,2.5,91.5,1.0,2.1,3.0,3.4,2.3,1.1,0.0,2.6,20.7,0,0,0.9,,,,,,,,,,,,,,,,,,,,,,,,,,,,,49,31,22,17,5,24.7,9.9,4.2,8.1,51.7,0.2,0.6,35.7,1.3,1.7,78.4,0.5,2.4,3.0,5.4,3.0,0.6,0.0,2.7,19.7,0,0,5.3,40,30,19,2,17,26.1,11.5,3.9,8.4,46.5,0.8,2.3,34.1,2.9,3.3,87.3,0.3,2.2,2.5,3.9,3.4,0.9,0.0,2.9,20.6,0,0,-7.2
LINDSAY ALLEN,180000.0,CHI,74305.0,MIN,2678.0,MIN,70040.0,IND,57000.0,LV,73,29,40,13,27,23.8,6.6,2.6,5.6,46.6,0.4,1.2,29.2,1.1,1.3,80.8,0.3,1.7,2.0,3.9,1.6,0.8,0.2,1.7,14.8,0,0,-0.2,76,29,29,14,15,24.1,6.2,2.2,5.6,39.9,0.2,1.2,20.6,1.4,1.8,79.2,0.6,1.9,2.4,4.5,1.3,0.6,0.1,2.1,14.7,0,0,-1.3,81,28,9,4,5,14.8,6.7,2.2,4.2,52.6,0.9,1.6,57.1,1.3,1.4,92.3,0.0,1.6,1.6,3.4,0.8,0.2,0.0,1.2,13.0,0,0,-1.4,96,27,32,6,26,17.8,5.4,2.0,4.8,42.8,0.4,1.5,29.8,0.9,1.2,81.1,0.3,1.2,1.5,3.0,1.0,0.5,0.1,1.1,11.6,1,0,-5.5,116,26,21,18,3,13.5,3.3,1.3,3.2,41.8,0.3,0.9,33.3,0.4,0.5,80.0,0.3,0.8,1.1,2.4,0.8,0.3,0.0,1.0,7.9,0,0,1.0
MEGAN GUSTAFSON,190820.0,LV,74305.0,PHX,72141.0,PHX,16068.0,WAS,190500.0,DAL,106,27,38,25,13,10.7,3.7,1.4,2.8,50.0,0.6,1.5,38.6,0.3,0.4,76.5,0.6,1.3,1.9,0.2,0.4,0.3,0.1,1.6,7.4,0,0,1.3,62,27,34,7,27,15.1,7.9,3.0,5.7,52.6,0.4,1.3,34.9,1.5,1.8,80.6,1.4,2.5,3.9,0.7,1.1,0.4,0.4,1.9,14.5,1,0,-2.3,119,26,33,13,20,9.6,3.8,1.5,2.8,54.9,0.4,0.8,46.2,0.4,0.5,76.5,0.5,1.4,1.9,0.5,0.7,0.2,0.2,1.9,7.3,1,0,-1.1,110,25,11,5,6,9.9,4.0,1.7,2.9,59.4,0.0,0.2,0.0,0.5,0.8,66.7,1.0,2.6,3.6,0.0,0.8,0.2,0.1,0.9,8.2,0,0,-5.5,136,24,9,4,5,5.3,1.6,0.4,1.6,28.6,0.0,0.1,0.0,0.7,1.0,66.7,0.7,0.6,1.2,0.1,0.2,0.0,0.1,1.0,3.1,0,0,-1.1
RACHEL BANHAM,190000.0,CHI,74305.0,MIN,72141.0,MIN,31702.0,MIN,203000.0,MIN,82,31,37,18,19,15.8,5.7,1.9,5.5,35.1,1.4,3.8,36.6,0.4,0.5,80.0,0.2,1.2,1.4,1.1,0.5,0.4,0.2,1.6,10.7,0,0,-1.2,85,30,32,15,17,13.6,5.5,1.9,5.2,37.0,1.3,3.3,40.2,0.3,0.4,78.6,0.1,0.9,1.0,1.7,1.1,0.3,0.1,1.4,10.4,0,0,-1.0,67,29,36,14,22,17.5,7.9,2.8,6.5,43.0,1.6,4.1,38.3,0.7,0.8,80.0,0.1,1.3,1.3,2.3,1.3,0.3,0.1,1.7,13.8,0,0,1.2,98,28,27,17,10,12.6,5.0,1.9,4.8,39.5,1.0,2.8,37.3,0.2,0.3,62.5,0.1,1.1,1.2,1.6,0.9,0.3,0.1,1.7,9.8,0,0,2.3,70,27,20,12,8,16.9,6.9,2.4,5.2,46.2,1.3,2.7,47.2,0.8,1.0,80.0,0.1,1.2,1.3,2.4,1.0,0.5,0.1,2.0,12.8,1,0,2.4
SHEY PEDDY,,,74305.0,PHX,72141.0,PHX,58710.0,PHX,57000.0,PHX,,,,,,,,,,,,,,,,,,,,,,,,,,,,,86,35,18,3,15,15.9,5.2,1.7,4.7,36.9,0.9,2.6,34.8,0.9,1.1,80.0,0.4,1.4,1.8,1.8,0.6,0.8,0.1,1.7,11.6,0,0,-1.1,49,34,34,15,19,28.7,9.9,3.4,8.2,41.8,1.4,4.3,32.9,1.6,1.9,88.9,1.3,2.4,3.8,3.4,1.4,1.6,0.2,1.8,22.1,2,0,0.2,97,33,32,19,13,17.5,5.4,1.9,4.6,41.2,0.8,2.5,33.3,0.7,0.8,92.0,0.8,1.6,2.3,2.5,1.0,0.9,0.1,1.0,13.0,0,0,-0.5,107,32,17,9,8,15.1,3.8,1.1,3.7,30.2,0.2,2.0,11.8,1.3,1.3,100,0.5,1.5,2.1,1.8,0.9,1.1,0.1,1.3,10.2,0,0,-0.6
SYDNEY COLSON,76535.0,LV,74305.0,LV,72141.0,LV,,,70000.0,CHI,128,35,31,21,10,8.0,2.5,0.9,2.1,42.2,0.5,1.2,37.8,0.3,0.3,88.9,0.0,0.4,0.5,1.0,0.5,0.5,0.2,0.7,5.6,0,0,1.5,146,34,28,24,4,4.8,1.3,0.4,1.0,44.4,0.2,0.6,37.5,0.2,0.2,83.3,0.1,0.3,0.4,0.8,0.2,0.3,0.0,0.9,3.4,0,0,-2.2,150,33,18,15,3,6.8,1.6,0.6,1.8,31.3,0.2,0.6,27.3,0.3,0.3,100,0.2,0.3,0.4,1.0,0.4,0.1,0.0,0.8,3.4,0,0,-3.7,,,,,,,,,,,,,,,,,,,,,,,,,,,,,134,31,17,8,9,6.5,1.6,0.5,1.2,42.9,0.2,0.5,33.3,0.4,0.5,87.5,0.1,0.4,0.4,0.8,0.8,0.4,0.0,0.8,3.8,0,0,-2.2
TIANNA HAWKINS,,,74305.0,WAS,72141.0,WAS,284200.0,ATL,210100.0,WAS,,,,,,,,,,,,,,,,,,,,,,,,,,,,,60,33,40,19,21,23.1,8.2,3.3,6.6,49.1,0.7,2.2,33.3,1.0,1.3,75.0,1.5,3.5,5.0,1.4,1.2,0.8,0.4,2.5,17.6,3,0,-2.1,103,32,25,15,10,12.8,4.9,1.8,4.6,38.6,0.6,2.1,26.4,0.8,0.8,95.2,0.6,1.8,2.4,0.8,1.2,0.4,0.1,1.7,9.5,0,0,-0.1,99,31,28,7,21,15.4,4.9,1.8,4.5,39.7,0.6,2.4,24.2,0.8,0.8,91.3,0.5,2.6,3.1,0.6,1.1,0.4,0.5,2.2,11.0,0,0,-2.1,57,30,17,5,12,19.3,8.5,3.1,7.6,40.8,1.0,3.4,29.8,1.3,1.5,84.6,0.7,2.8,3.5,1.0,1.2,0.8,0.4,2.6,16.4,1,0,-5.3
YVONNE TURNER,,,74305.0,SEA,3750.0,PHX,,,98965.0,PHX,,,,,,,,,,,,,,,,,,,,,,,,,,,,,120,36,21,5,16,9.2,2.5,0.9,2.0,46.3,0.0,0.1,33.3,0.7,0.9,77.8,0.1,1.0,1.1,0.9,0.7,0.4,0.1,0.7,5.5,0,0,-2.8,114,35,9,1,8,15.4,4.0,1.3,4.1,32.4,0.3,0.8,42.9,1.0,1.2,81.8,0.3,1.2,1.6,2.0,1.4,0.3,0.0,1.3,8.6,0,0,-3.2,,,,,,,,,,,,,,,,,,,,,,,,,,,,,,,,,,,,,,,,,,,,,,,,,,,,,,,,
KITIJA LAKSA,,,70000.0,DAL,,,,,196378.0,SEA,,,,,,,,,,,,,,,,,,,,,,,,,,,,,,,,,,,,,,,,,,,,,,,,,,,,,,,,,,,,,,,,,,,,,,,,,,,,,,,,,,,,,,,,,,,,,,,,,,,,,,,,,,,,,,,,,,,,,,,,,,,,,,,,,,,,,,,,,,,,
MAYA CALDWELL,64154.0,ATL,68000.0,IND,1796.0,ATL,,,,,87,25,25,9,16,16.2,5.2,2.1,5.0,41.6,0.6,2.0,30.0,0.5,0.6,80.0,0.8,1.0,1.8,1.1,0.9,0.6,0.2,1.2,10.3,0,0,-4.2,131,25,30,10,20,10.1,1.9,0.7,2.4,29.2,0.1,1.0,13.8,0.4,0.5,85.7,0.3,0.6,0.9,0.6,0.7,0.3,0.1,0.9,4.4,0,0,-2.5,44,24,9,3,6,23.7,10.9,4.2,8.2,51.4,2.0,3.6,56.3,0.4,0.6,80.0,0.6,1.9,2.4,2.2,1.6,0.8,0.2,1.7,19.6,0,0,-2.2,,,,,,,,,,,,,,,,,,,,,,,,,,,,,,,,,,,,,,,,,,,,,,,,,,,,,,,,
KARLIE SAMUELSON,233450.0,WAS,62675.0,LA,,,17304.0,SEA,,,58,29,29,10,19,24.5,8.4,2.7,6.7,40.9,1.7,4.2,39.8,1.2,1.3,92.3,0.5,2.0,2.6,2.1,0.9,0.9,0.0,1.7,16.7,0,0,-0.1,65,29,34,15,19,26.1,7.7,2.4,5.2,46.3,1.4,3.4,42.6,1.4,1.5,94.1,0.3,2.6,3.0,2.0,0.9,0.6,0.1,2.4,15.6,0,0,1.1,126,28,1,0,1,10.2,3.0,1.0,3.0,33.3,1.0,3.0,33.3,0.0,0.0,0.0,0.0,3.0,3.0,1.0,1.0,0.0,0.0,1.0,8.0,0,0,-3.0,113,27,14,4,10,14.7,3.6,1.1,3.1,36.4,0.9,2.2,38.7,0.5,0.6,77.8,0.2,1.6,1.9,0.8,0.6,0.5,0.0,1.5,8.1,0,0,-0.1,,,,,,,,,,,,,,,,,,,,,,,,,,,,
LI MENG,,,62285.0,WAS,,,,,,,,,,,,,,,,,,,,,,,,,,,,,,,,,,,84,29,34,17,17,15.9,5.6,1.8,4.8,37.8,1.3,3.6,36.4,0.6,0.8,84.6,0.2,0.9,1.1,1.0,0.8,0.3,0.0,1.1,9.6,0,0,-0.2,,,,,,,,,,,,,,,,,,,,,,,,,,,,,,,,,,,,,,,,,,,,,,,,,,,,,,,,,,,,,,,,,,,,,,,,,,,,,,,,,,,,
MARINE JOHANNES,,,62285.0,NY,40713.0,NY,138040.0,NY,138040.0,NY,,,,,,,,,,,,,,,,,,,,,,,,,,,,,,,,,,,,,,,,,,,,,,,,,,,,,,,,,,,,,,,,,,,,,,,,,,,,,,,,,,,,,,,,,,,,,,,,,,,,,,,,,,,,,,,,,,,,,,,,,,,,,,,,,,,,,,,,,,,,
IVANA DOJKIĆ,,,62285.0,CHI,,,,,,,112,26,26,22,4,9.9,3.3,1.0,2.8,33.8,0.6,1.6,38.1,0.8,1.0,77.8,0.3,0.5,0.8,0.8,0.5,0.3,0.0,1.0,6.3,0,0,0.4,73,26,23,6,17,20.0,6.5,2.1,5.2,40.3,1.0,2.4,41.8,1.3,1.9,72.1,0.2,1.6,1.7,2.8,1.5,0.8,0.2,1.9,14.0,0,0,-6.3,,,,,,,,,,,,,,,,,,,,,,,,,,,,,,,,,,,,,,,,,,,,,,,,,,,,,,,,,,,,,,,,,,,,,,,,,,,,,,,,,,,,
ROBYN PARKS,,,62285.0,CHI,,,,,,,,,,,,,,,,,,,,,,,,,,,,,,,,,,,103,31,37,16,21,13.7,3.9,1.4,3.8,38.1,0.9,2.4,36.8,0.2,0.2,100,0.4,1.2,1.6,0.4,0.5,0.3,0.1,0.9,7.7,0,0,-0.7,,,,,,,,,,,,,,,,,,,,,,,,,,,,,,,,,,,,,,,,,,,,,,,,,,,,,,,,,,,,,,,,,,,,,,,,,,,,,,,,,,,,
SUG SUTTON,64154.0,WAS,62285.0,PHX,,,,,31290.0,WAS,130,25,29,18,11,13.1,2.3,0.8,2.7,30.8,0.3,1.4,25.0,0.3,0.4,69.2,0.2,0.8,1.0,2.1,1.2,0.6,0.0,0.9,6.9,0,0,-1.6,59,25,40,9,31,26.3,8.2,3.2,8.2,38.5,0.8,2.2,33.7,1.2,1.4,80.7,0.4,2.2,2.6,4.8,2.5,0.7,0.1,1.6,17.8,1,1,-6.9,,,,,,,,,,,,,,,,,,,,,,,,,,,,,,,,,,,,,,,,,,,,,,,,,,,,,,,,,122,22,12,6,6,9.4,2.8,1.0,2.8,36.4,0.4,1.4,29.4,0.4,0.6,71.4,0.0,0.8,0.8,1.0,0.5,0.1,0.0,0.9,5.2,0,0,-1.8
XU HAN,,,62285.0,NY,189522.0,NY,189522.0,NY,189522.0,NY,,,,,,,,,,,,,,,,,,,,,,,,,,,,,,,,,,,,,,,,,,,,,,,,,,,,,,,,,,,,,,,,,,,,,,,,,,,,,,,,,,,,,,,,,,,,,,,,,,,,,,,,,,,,,,,,,,,,,,,,,,,,,,,,,,,,,,,,,,,,
ODYSSEY SIMS,76535.0,LA,46522.0,DAL,2678.0,CON,75000.0,ATL,351000.0,MIN,33,32,24,5,19,29.2,12.6,4.9,10.1,48.3,0.8,2.4,34.5,2.0,2.6,76.2,0.7,1.4,2.1,5.3,2.2,1.2,0.2,1.5,23.6,1,0,-4.2,130,31,28,16,12,12.0,2.0,0.8,2.5,30.4,0.1,0.5,13.3,0.4,0.7,55.0,0.3,1.0,1.3,2.2,0.6,0.4,0.0,1.1,6.4,0,0,0.0,78,30,7,4,3,20.8,6.9,2.4,7.6,32.1,0.6,2.1,26.7,1.4,2.1,66.7,0.3,1.6,1.9,2.9,1.7,1.1,0.3,1.6,15.0,0,0,0.3,58,29,30,8,22,25.1,8.7,3.5,9.5,37.0,0.5,2.3,23.2,1.2,1.6,72.9,0.5,2.0,2.5,3.6,1.6,1.2,0.1,1.5,17.9,1,0,-5.7,54,28,13,7,6,18.5,9.4,3.2,8.0,40.4,0.6,1.8,33.3,2.3,2.5,90.9,0.6,1.4,2.0,3.5,1.9,0.5,0.1,1.7,16.7,0,0,0.8
ALAINA COATES,,,9207.0,LV,,,,,57000.0,WAS,,,,,,,,,,,,,,,,,,,,,,,,,,,,,150,29,12,9,3,2.9,0.9,0.4,0.5,83.3,0.0,0.0,0.0,0.1,0.3,25.0,0.2,0.7,0.8,0.0,0.6,0.3,0.0,0.8,2.3,0,0,-2.5,121,28,8,1,7,9.4,3.5,0.9,1.4,63.6,0.0,0.0,0.0,1.8,1.9,93.3,0.8,1.3,2.0,0.3,0.6,0.3,0.4,2.3,7.0,0,0,-6.0,,,,,,,,,,,,,,,,,,,,,,,,,,,,,128,26,20,8,12,9.9,2.5,0.9,1.7,52.9,0.0,0.0,0.0,0.7,1.3,53.8,1.0,1.8,2.8,0.5,0.6,0.4,0.2,1.7,6.8,0,0,-1.2
EVINA WESTBROOK,,,8530.0,LA,16764.0,WAS,,,,,,,,,,,,,,,,,,,,,,,,,,,,,,,,,148,25,18,7,11,7.1,1.1,0.3,1.7,16.7,0.1,0.9,12.5,0.4,0.4,100,0.2,0.8,0.9,0.6,0.6,0.2,0.2,0.9,3.4,0,0,1.2,128,24,20,9,11,10.2,2.8,1.0,2.7,37.7,0.3,1.0,25.0,0.6,0.8,73.3,0.1,1.0,1.0,1.2,0.8,0.4,0.4,0.9,6.7,0,0,-0.1,,,,,,,,,,,,,,,,,,,,,,,,,,,,,,,,,,,,,,,,,,,,,,,,,,,,,,,,
